HDI Rank (2018),Country,Year,Multidimensional Poverty Index,Contribution of Deprivation in education to MPI,Contribution of Deprivation in Health to MPI,Contribution of Deprivation in Standard of Living to MPI,"Population in MPI, headcount(%)",Population in Severe Multidimensional Poverty (%),Population Living Below Income Poverty Line
170,Afghanistan,2010,,,,,,,
170,Afghanistan,2011,,,,,,,
170,Afghanistan,2012,,,,,,,
170,Afghanistan,2013,31.4,31.4,31.4,31.4,31.4,31.4,31.4
170,Afghanistan,2014,31.4,31.4,31.4,31.4,31.4,31.4,31.4
170,Afghanistan,2015,31.9,31.9,31.9,31.9,31.9,31.9,31.9
170,Afghanistan,2016,29.6,29.6,29.6,29.6,29.6,29.6,29.6
170,Afghanistan,2017,29.6,29.6,29.6,29.6,29.6,29.6,29.6
170,Afghanistan,2018,,,,,,,
69,Albania,2010,12.7,12.7,12.7,12.7,12.7,12.7,12.7
69,Albania,2011,13.9,13.9,13.9,13.9,13.9,13.9,13.9
69,Albania,2012,13.9,13.9,13.9,13.9,13.9,13.9,13.9
69,Albania,2013,13.4,13.4,13.4,13.4,13.4,13.4,13.4
69,Albania,2014,13.4,13.4,13.4,13.4,13.4,13.4,13.4
69,Albania,2015,13.4,13.4,13.4,13.4,13.4,13.4,13.4
69,Albania,2016,12.3,12.3,12.3,12.3,12.3,12.3,12.3
69,Albania,2017,10,10,10,10,10,10,10
69,Albania,2018,10.9,10.9,10.9,10.9,10.9,10.9,10.9
82,Algeria,2010,,,,,,,
82,Algeria,2011,,,,,,,
82,Algeria,2012,,,,,,,
82,Algeria,2013,,,,,,,
82,Algeria,2014,,,,,,,
82,Algeria,2015,,,,,,,
82,Algeria,2016,,,,,,,
82,Algeria,2017,20.7,20.7,20.7,20.7,20.7,20.7,20.7
82,Algeria,2018,20.4,20.4,20.4,20.4,20.4,20.4,20.4
149,Angola,2010,39.9,39.9,39.9,39.9,39.9,39.9,39.9
149,Angola,2011,,,,,,,
149,Angola,2012,43.9,43.9,43.9,43.9,43.9,43.9,43.9
149,Angola,2013,44,44,44,44,44,44,44
149,Angola,2014,37,37,37,37,37,37,37
149,Angola,2015,37,37,37,37,37,37,37
149,Angola,2016,32.4,32.4,32.4,32.4,32.4,32.4,32.4
149,Angola,2017,32.4,32.4,32.4,32.4,32.4,32.4,32.4
149,Angola,2018,31.7,31.7,31.7,31.7,31.7,31.7,31.7
48,Argentina,2010,19.8,19.8,19.8,19.8,19.8,19.8,19.8
48,Argentina,2011,19.6,19.6,19.6,19.6,19.6,19.6,19.6
48,Argentina,2012,19.6,19.6,19.6,19.6,19.6,19.6,19.6
48,Argentina,2013,15.8,15.8,15.8,15.8,15.8,15.8,15.8
48,Argentina,2014,15,15,15,15,15,15,15
48,Argentina,2015,15.6,15.6,15.6,15.6,15.6,15.6,15.6
48,Argentina,2016,14.5,14.5,14.5,14.5,14.5,14.5,14.5
48,Argentina,2017,14.3,14.3,14.3,14.3,14.3,14.3,14.3
48,Argentina,2018,14,14,14,14,14,14,14
81,Armenia,2010,10.9,10.9,10.9,10.9,10.9,10.9,10.9
81,Armenia,2011,10.8,10.8,10.8,10.8,10.8,10.8,10.8
81,Armenia,2012,11,11,11,11,11,11,11
81,Armenia,2013,10.4,10.4,10.4,10.4,10.4,10.4,10.4
81,Armenia,2014,10.2,10.2,10.2,10.2,10.2,10.2,10.2
81,Armenia,2015,9.3,9.3,9.3,9.3,9.3,9.3,9.3
81,Armenia,2016,8.7,8.7,8.7,8.7,8.7,8.7,8.7
81,Armenia,2017,10,10,10,10,10,10,10
81,Armenia,2018,9.9,9.9,9.9,9.9,9.9,9.9,9.9
6,Australia,2010,7.9,7.9,7.9,7.9,7.9,7.9,7.9
6,Australia,2011,7.9,7.9,7.9,7.9,7.9,7.9,7.9
6,Australia,2012,7.9,7.9,7.9,7.9,7.9,7.9,7.9
6,Australia,2013,7.8,7.8,7.8,7.8,7.8,7.8,7.8
6,Australia,2014,8.2,8.2,8.2,8.2,8.2,8.2,8.2
6,Australia,2015,8.2,8.2,8.2,8.2,8.2,8.2,8.2
6,Australia,2016,8.6,8.6,8.6,8.6,8.6,8.6,8.6
6,Australia,2017,8.2,8.2,8.2,8.2,8.2,8.2,8.2
6,Australia,2018,8.1,8.1,8.1,8.1,8.1,8.1,8.1
20,Austria,2010,7.5,7.5,7.5,7.5,7.5,7.5,7.5
20,Austria,2011,7.4,7.4,7.4,7.4,7.4,7.4,7.4
20,Austria,2012,6.6,6.6,6.6,6.6,6.6,6.6,6.6
20,Austria,2013,7.2,7.2,7.2,7.2,7.2,7.2,7.2
20,Austria,2014,7.7,7.7,7.7,7.7,7.7,7.7,7.7
20,Austria,2015,8.7,8.7,8.7,8.7,8.7,8.7,8.7
20,Austria,2016,7.6,7.6,7.6,7.6,7.6,7.6,7.6
20,Austria,2017,8,8,8,8,8,8,8
20,Austria,2018,7.7,7.7,7.7,7.7,7.7,7.7,7.7
87,Azerbaijan,2010,13.8,13.8,13.8,13.8,13.8,13.8,13.8
87,Azerbaijan,2011,11.4,11.4,11.4,11.4,11.4,11.4,11.4
87,Azerbaijan,2012,11.4,11.4,11.4,11.4,11.4,11.4,11.4
87,Azerbaijan,2013,11.8,11.8,11.8,11.8,11.8,11.8,11.8
87,Azerbaijan,2014,13.2,13.2,13.2,13.2,13.2,13.2,13.2
87,Azerbaijan,2015,13.2,13.2,13.2,13.2,13.2,13.2,13.2
87,Azerbaijan,2016,10.2,10.2,10.2,10.2,10.2,10.2,10.2
87,Azerbaijan,2017,10.1,10.1,10.1,10.1,10.1,10.1,10.1
87,Azerbaijan,2018,9.4,9.4,9.4,9.4,9.4,9.4,9.4
60,Bahamas,2010,14.4,14.4,14.4,14.4,14.4,14.4,14.4
60,Bahamas,2011,14.8,14.8,14.8,14.8,14.8,14.8,14.8
60,Bahamas,2012,,,,,,,
60,Bahamas,2013,14.3,14.3,14.3,14.3,14.3,14.3,14.3
60,Bahamas,2014,,,,,,,
60,Bahamas,2015,,,,,,,
60,Bahamas,2016,,,,,,,
60,Bahamas,2017,,,,,,,
60,Bahamas,2018,,,,,,,
135,Bangladesh,2010,29.4,29.4,29.4,29.4,29.4,29.4,29.4
135,Bangladesh,2011,27.4,27.4,27.4,27.4,27.4,27.4,27.4
135,Bangladesh,2012,27.4,27.4,27.4,27.4,27.4,27.4,27.4
135,Bangladesh,2013,29.1,29.1,29.1,29.1,29.1,29.1,29.1
135,Bangladesh,2014,29.4,29.4,29.4,29.4,29.4,29.4,29.4
135,Bangladesh,2015,28.9,28.9,28.9,28.9,28.9,28.9,28.9
135,Bangladesh,2016,28.1,28.1,28.1,28.1,28.1,28.1,28.1
135,Bangladesh,2017,24.1,24.1,24.1,24.1,24.1,24.1,24.1
135,Bangladesh,2018,24.3,24.3,24.3,24.3,24.3,24.3,24.3
56,Barbados,2010,,,,,,,
56,Barbados,2011,,,,,,,
56,Barbados,2012,,,,,,,
56,Barbados,2013,,,,,,,
56,Barbados,2014,,,,,,,
56,Barbados,2015,,,,,,,
56,Barbados,2016,,,,,,,
56,Barbados,2017,16.4,16.4,16.4,16.4,16.4,16.4,16.4
56,Barbados,2018,17,17,17,17,17,17,17
50,Belarus,2010,9.3,9.3,9.3,9.3,9.3,9.3,9.3
50,Belarus,2011,8.3,8.3,8.3,8.3,8.3,8.3,8.3
50,Belarus,2012,8.3,8.3,8.3,8.3,8.3,8.3,8.3
50,Belarus,2013,7.6,7.6,7.6,7.6,7.6,7.6,7.6
50,Belarus,2014,7.1,7.1,7.1,7.1,7.1,7.1,7.1
50,Belarus,2015,6.4,6.4,6.4,6.4,6.4,6.4,6.4
50,Belarus,2016,6.5,6.5,6.5,6.5,6.5,6.5,6.5
50,Belarus,2017,6.5,6.5,6.5,6.5,6.5,6.5,6.5
50,Belarus,2018,6.4,6.4,6.4,6.4,6.4,6.4,6.4
17,Belgium,2010,8.4,8.4,8.4,8.4,8.4,8.4,8.4
17,Belgium,2011,7.6,7.6,7.6,7.6,7.6,7.6,7.6
17,Belgium,2012,8,8,8,8,8,8,8
17,Belgium,2013,8.5,8.5,8.5,8.5,8.5,8.5,8.5
17,Belgium,2014,7.9,7.9,7.9,7.9,7.9,7.9,7.9
17,Belgium,2015,8.3,8.3,8.3,8.3,8.3,8.3,8.3
17,Belgium,2016,8.9,8.9,8.9,8.9,8.9,8.9,8.9
17,Belgium,2017,8.8,8.8,8.8,8.8,8.8,8.8,8.8
17,Belgium,2018,7.6,7.6,7.6,7.6,7.6,7.6,7.6
103,Belize,2010,28.7,28.7,28.7,28.7,28.7,28.7,28.7
103,Belize,2011,,,,,,,
103,Belize,2012,,,,,,,
103,Belize,2013,,,,,,,
103,Belize,2014,22.7,22.7,22.7,22.7,22.7,22.7,22.7
103,Belize,2015,22.7,22.7,22.7,22.7,22.7,22.7,22.7
103,Belize,2016,22.3,22.3,22.3,22.3,22.3,22.3,22.3
103,Belize,2017,22.3,22.3,22.3,22.3,22.3,22.3,22.3
103,Belize,2018,22.6,22.6,22.6,22.6,22.6,22.6,22.6
163,Benin,2010,35.2,35.2,35.2,35.2,35.2,35.2,35.2
163,Benin,2011,35.8,35.8,35.8,35.8,35.8,35.8,35.8
163,Benin,2012,35.8,35.8,35.8,35.8,35.8,35.8,35.8
163,Benin,2013,34.6,34.6,34.6,34.6,34.6,34.6,34.6
163,Benin,2014,37.4,37.4,37.4,37.4,37.4,37.4,37.4
163,Benin,2015,37.4,37.4,37.4,37.4,37.4,37.4,37.4
163,Benin,2016,36.7,36.7,36.7,36.7,36.7,36.7,36.7
163,Benin,2017,36.6,36.6,36.6,36.6,36.6,36.6,36.6
163,Benin,2018,37.1,37.1,37.1,37.1,37.1,37.1,37.1
134,Bhutan,2010,,,,,,,
134,Bhutan,2011,,,,,,,
134,Bhutan,2012,20,20,20,20,20,20,20
134,Bhutan,2013,20.4,20.4,20.4,20.4,20.4,20.4,20.4
134,Bhutan,2014,29.8,29.8,29.8,29.8,29.8,29.8,29.8
134,Bhutan,2015,29.4,29.4,29.4,29.4,29.4,29.4,29.4
134,Bhutan,2016,28.6,28.6,28.6,28.6,28.6,28.6,28.6
134,Bhutan,2017,27.2,27.2,27.2,27.2,27.2,27.2,27.2
134,Bhutan,2018,27.1,27.1,27.1,27.1,27.1,27.1,27.1
114,Bolivia (Plurinational State of),2010,38.1,38.1,38.1,38.1,38.1,38.1,38.1
114,Bolivia (Plurinational State of),2011,34.1,34.1,34.1,34.1,34.1,34.1,34.1
114,Bolivia (Plurinational State of),2012,34.2,34.2,34.2,34.2,34.2,34.2,34.2
114,Bolivia (Plurinational State of),2013,29.6,29.6,29.6,29.6,29.6,29.6,29.6
114,Bolivia (Plurinational State of),2014,28.6,28.6,28.6,28.6,28.6,28.6,28.6
114,Bolivia (Plurinational State of),2015,29,29,29,29,29,29,29
114,Bolivia (Plurinational State of),2016,26.6,26.6,26.6,26.6,26.6,26.6,26.6
114,Bolivia (Plurinational State of),2017,25.8,25.8,25.8,25.8,25.8,25.8,25.8
114,Bolivia (Plurinational State of),2018,24.2,24.2,24.2,24.2,24.2,24.2,24.2
75,Bosnia and Herzegovina,2010,20.4,20.4,20.4,20.4,20.4,20.4,20.4
75,Bosnia and Herzegovina,2011,11.6,11.6,11.6,11.6,11.6,11.6,11.6
75,Bosnia and Herzegovina,2012,11.5,11.5,11.5,11.5,11.5,11.5,11.5
75,Bosnia and Herzegovina,2013,10.6,10.6,10.6,10.6,10.6,10.6,10.6
75,Bosnia and Herzegovina,2014,13.3,13.3,13.3,13.3,13.3,13.3,13.3
75,Bosnia and Herzegovina,2015,13.3,13.3,13.3,13.3,13.3,13.3,13.3
75,Bosnia and Herzegovina,2016,13.1,13.1,13.1,13.1,13.1,13.1,13.1
75,Bosnia and Herzegovina,2017,15.6,15.6,15.6,15.6,15.6,15.6,15.6
75,Bosnia and Herzegovina,2018,14.4,14.4,14.4,14.4,14.4,14.4,14.4
94,Botswana,2010,,,,,,,
94,Botswana,2011,,,,,,,
94,Botswana,2012,,,,,,,
94,Botswana,2013,38.2,38.2,38.2,38.2,38.2,38.2,38.2
94,Botswana,2014,38.2,38.2,38.2,38.2,38.2,38.2,38.2
94,Botswana,2015,38,38,38,38,38,38,38
94,Botswana,2016,37.4,37.4,37.4,37.4,37.4,37.4,37.4
94,Botswana,2017,,,,,,,
94,Botswana,2018,,,,,,,
79,Brazil,2010,27.1,27.1,27.1,27.1,27.1,27.1,27.1
79,Brazil,2011,27.8,27.8,27.8,27.8,27.8,27.8,27.8
79,Brazil,2012,27.2,27.2,27.2,27.2,27.2,27.2,27.2
79,Brazil,2013,27.1,27.1,27.1,27.1,27.1,27.1,27.1
79,Brazil,2014,26.3,26.3,26.3,26.3,26.3,26.3,26.3
79,Brazil,2015,25.6,25.6,25.6,25.6,25.6,25.6,25.6
79,Brazil,2016,24.4,24.4,24.4,24.4,24.4,24.4,24.4
79,Brazil,2017,23.9,23.9,23.9,23.9,23.9,23.9,23.9
79,Brazil,2018,24.5,24.5,24.5,24.5,24.5,24.5,24.5
52,Bulgaria,2010,11.3,11.3,11.3,11.3,11.3,11.3,11.3
52,Bulgaria,2011,11.4,11.4,11.4,11.4,11.4,11.4,11.4
52,Bulgaria,2012,9.9,9.9,9.9,9.9,9.9,9.9,9.9
52,Bulgaria,2013,11,11,11,11,11,11,11
52,Bulgaria,2014,10.6,10.6,10.6,10.6,10.6,10.6,10.6
52,Bulgaria,2015,10.7,10.7,10.7,10.7,10.7,10.7,10.7
52,Bulgaria,2016,12,12,12,12,12,12,12
52,Bulgaria,2017,12.7,12.7,12.7,12.7,12.7,12.7,12.7
52,Bulgaria,2018,12.5,12.5,12.5,12.5,12.5,12.5,12.5
182,Burkina Faso,2010,36.2,36.2,36.2,36.2,36.2,36.2,36.2
182,Burkina Faso,2011,35.1,35.1,35.1,35.1,35.1,35.1,35.1
182,Burkina Faso,2012,34.2,34.2,34.2,34.2,34.2,34.2,34.2
182,Burkina Faso,2013,35,35,35,35,35,35,35
182,Burkina Faso,2014,35,35,35,35,35,35,35
182,Burkina Faso,2015,33.6,33.6,33.6,33.6,33.6,33.6,33.6
182,Burkina Faso,2016,30.8,30.8,30.8,30.8,30.8,30.8,30.8
182,Burkina Faso,2017,32.1,32.1,32.1,32.1,32.1,32.1,32.1
182,Burkina Faso,2018,30,30,30,30,30,30,30
185,Burundi,2010,37,37,37,37,37,37,37
185,Burundi,2011,,,,,,,
185,Burundi,2012,,,,,,,
185,Burundi,2013,33.9,33.9,33.9,33.9,33.9,33.9,33.9
185,Burundi,2014,32.6,32.6,32.6,32.6,32.6,32.6,32.6
185,Burundi,2015,31.6,31.6,31.6,31.6,31.6,31.6,31.6
185,Burundi,2016,30.5,30.5,30.5,30.5,30.5,30.5,30.5
185,Burundi,2017,33.3,33.3,33.3,33.3,33.3,33.3,33.3
185,Burundi,2018,30.1,30.1,30.1,30.1,30.1,30.1,30.1
126,Cabo Verde,2010,,,,,,,
126,Cabo Verde,2011,,,,,,,
126,Cabo Verde,2012,,,,,,,
126,Cabo Verde,2013,19.7,19.7,19.7,19.7,19.7,19.7,19.7
126,Cabo Verde,2014,19.7,19.7,19.7,19.7,19.7,19.7,19.7
126,Cabo Verde,2015,20.1,20.1,20.1,20.1,20.1,20.1,20.1
126,Cabo Verde,2016,21.6,21.6,21.6,21.6,21.6,21.6,21.6
126,Cabo Verde,2017,,,,,,,
126,Cabo Verde,2018,,,,,,,
146,Cambodia,2010,28.8,28.8,28.8,28.8,28.8,28.8,28.8
146,Cambodia,2011,27.2,27.2,27.2,27.2,27.2,27.2,27.2
146,Cambodia,2012,25.9,25.9,25.9,25.9,25.9,25.9,25.9
146,Cambodia,2013,24.7,24.7,24.7,24.7,24.7,24.7,24.7
146,Cambodia,2014,24.7,24.7,24.7,24.7,24.7,24.7,24.7
146,Cambodia,2015,22.5,22.5,22.5,22.5,22.5,22.5,22.5
146,Cambodia,2016,19.4,19.4,19.4,19.4,19.4,19.4,19.4
146,Cambodia,2017,19.4,19.4,19.4,19.4,19.4,19.4,19.4
146,Cambodia,2018,20.1,20.1,20.1,20.1,20.1,20.1,20.1
150,Cameroon,2010,34,34,34,34,34,34,34
150,Cameroon,2011,33.4,33.4,33.4,33.4,33.4,33.4,33.4
150,Cameroon,2012,33.4,33.4,33.4,33.4,33.4,33.4,33.4
150,Cameroon,2013,32.8,32.8,32.8,32.8,32.8,32.8,32.8
150,Cameroon,2014,32.8,32.8,32.8,32.8,32.8,32.8,32.8
150,Cameroon,2015,32.8,32.8,32.8,32.8,32.8,32.8,32.8
150,Cameroon,2016,30.7,30.7,30.7,30.7,30.7,30.7,30.7
150,Cameroon,2017,34.2,34.2,34.2,34.2,34.2,34.2,34.2
150,Cameroon,2018,34.1,34.1,34.1,34.1,34.1,34.1,34.1
13,Canada,2010,8.6,8.6,8.6,8.6,8.6,8.6,8.6
13,Canada,2011,8.6,8.6,8.6,8.6,8.6,8.6,8.6
13,Canada,2012,8.6,8.6,8.6,8.6,8.6,8.6,8.6
13,Canada,2013,7.6,7.6,7.6,7.6,7.6,7.6,7.6
13,Canada,2014,8.9,8.9,8.9,8.9,8.9,8.9,8.9
13,Canada,2015,8.9,8.9,8.9,8.9,8.9,8.9,8.9
13,Canada,2016,8.2,8.2,8.2,8.2,8.2,8.2,8.2
13,Canada,2017,8,8,8,8,8,8,8
13,Canada,2018,8.8,8.8,8.8,8.8,8.8,8.8,8.8
188,Central African Republic,2010,42,42,42,42,42,42,42
188,Central African Republic,2011,40.6,40.6,40.6,40.6,40.6,40.6,40.6
188,Central African Republic,2012,40.6,40.6,40.6,40.6,40.6,40.6,40.6
188,Central African Republic,2013,40.4,40.4,40.4,40.4,40.4,40.4,40.4
188,Central African Republic,2014,43.5,43.5,43.5,43.5,43.5,43.5,43.5
188,Central African Republic,2015,43.5,43.5,43.5,43.5,43.5,43.5,43.5
188,Central African Republic,2016,42.1,42.1,42.1,42.1,42.1,42.1,42.1
188,Central African Republic,2017,42.1,42.1,42.1,42.1,42.1,42.1,42.1
188,Central African Republic,2018,41.6,41.6,41.6,41.6,41.6,41.6,41.6
187,Chad,2010,39.3,39.3,39.3,39.3,39.3,39.3,39.3
187,Chad,2011,40.1,40.1,40.1,40.1,40.1,40.1,40.1
187,Chad,2012,40.1,40.1,40.1,40.1,40.1,40.1,40.1
187,Chad,2013,37.8,37.8,37.8,37.8,37.8,37.8,37.8
187,Chad,2014,39.9,39.9,39.9,39.9,39.9,39.9,39.9
187,Chad,2015,40,40,40,40,40,40,40
187,Chad,2016,38.3,38.3,38.3,38.3,38.3,38.3,38.3
187,Chad,2017,38.3,38.3,38.3,38.3,38.3,38.3,38.3
187,Chad,2018,37.7,37.7,37.7,37.7,37.7,37.7,37.7
42,Chile,2010,19,19,19,19,19,19,19
42,Chile,2011,19,19,19,19,19,19,19
42,Chile,2012,19,19,19,19,19,19,19
42,Chile,2013,19.6,19.6,19.6,19.6,19.6,19.6,19.6
42,Chile,2014,19.3,19.3,19.3,19.3,19.3,19.3,19.3
42,Chile,2015,18.2,18.2,18.2,18.2,18.2,18.2,18.2
42,Chile,2016,16.6,16.6,16.6,16.6,16.6,16.6,16.6
42,Chile,2017,15.7,15.7,15.7,15.7,15.7,15.7,15.7
42,Chile,2018,20.5,20.5,20.5,20.5,20.5,20.5,20.5
85,China,2010,23,23,23,23,23,23,23
85,China,2011,22.3,22.3,22.3,22.3,22.3,22.3,22.3
85,China,2012,22.3,22.3,22.3,22.3,22.3,22.3,22.3
85,China,2013,,,,,,,
85,China,2014,,,,,,,
85,China,2015,,,,,,,
85,China,2016,,,,,,,
85,China,2017,14.5,14.5,14.5,14.5,14.5,14.5,14.5
85,China,2018,16.1,16.1,16.1,16.1,16.1,16.1,16.1
79,Colombia,2010,28.6,28.6,28.6,28.6,28.6,28.6,28.6
79,Colombia,2011,32.5,32.5,32.5,32.5,32.5,32.5,32.5
79,Colombia,2012,27.8,27.8,27.8,27.8,27.8,27.8,27.8
79,Colombia,2013,26.7,26.7,26.7,26.7,26.7,26.7,26.7
79,Colombia,2014,24.7,24.7,24.7,24.7,24.7,24.7,24.7
79,Colombia,2015,24.6,24.6,24.6,24.6,24.6,24.6,24.6
79,Colombia,2016,23.4,23.4,23.4,23.4,23.4,23.4,23.4
79,Colombia,2017,23.6,23.6,23.6,23.6,23.6,23.6,23.6
79,Colombia,2018,23.1,23.1,23.1,23.1,23.1,23.1,23.1
156,Comoros,2010,43.9,43.9,43.9,43.9,43.9,43.9,43.9
156,Comoros,2011,,,,,,,
156,Comoros,2012,,,,,,,
156,Comoros,2013,,,,,,,
156,Comoros,2014,46.7,46.7,46.7,46.7,46.7,46.7,46.7
156,Comoros,2015,45.8,45.8,45.8,45.8,45.8,45.8,45.8
156,Comoros,2016,45.3,45.3,45.3,45.3,45.3,45.3,45.3
156,Comoros,2017,45.3,45.3,45.3,45.3,45.3,45.3,45.3
156,Comoros,2018,45.3,45.3,45.3,45.3,45.3,45.3,45.3
138,Congo,2010,31.8,31.8,31.8,31.8,31.8,31.8,31.8
138,Congo,2011,31.1,31.1,31.1,31.1,31.1,31.1,31.1
138,Congo,2012,31.1,31.1,31.1,31.1,31.1,31.1,31.1
138,Congo,2013,30.7,30.7,30.7,30.7,30.7,30.7,30.7
138,Congo,2014,26.6,26.6,26.6,26.6,26.6,26.6,26.6
138,Congo,2015,24.7,24.7,24.7,24.7,24.7,24.7,24.7
138,Congo,2016,22.6,22.6,22.6,22.6,22.6,22.6,22.6
138,Congo,2017,22.6,22.6,22.6,22.6,22.6,22.6,22.6
138,Congo,2018,25,25,25,25,25,25,25
179,Congo (Democratic Republic of the),2010,36.2,36.2,36.2,36.2,36.2,36.2,36.2
179,Congo (Democratic Republic of the),2011,39.9,39.9,39.9,39.9,39.9,39.9,39.9
179,Congo (Democratic Republic of the),2012,39.9,39.9,39.9,39.9,39.9,39.9,39.9
179,Congo (Democratic Republic of the),2013,37.6,37.6,37.6,37.6,37.6,37.6,37.6
179,Congo (Democratic Republic of the),2014,36.2,36.2,36.2,36.2,36.2,36.2,36.2
179,Congo (Democratic Republic of the),2015,31.9,31.9,31.9,31.9,31.9,31.9,31.9
179,Congo (Democratic Republic of the),2016,30.8,30.8,30.8,30.8,30.8,30.8,30.8
179,Congo (Democratic Republic of the),2017,30.3,30.3,30.3,30.3,30.3,30.3,30.3
179,Congo (Democratic Republic of the),2018,31,31,31,31,31,31,31
68,Costa Rica,2010,20.6,20.6,20.6,20.6,20.6,20.6,20.6
68,Costa Rica,2011,20.5,20.5,20.5,20.5,20.5,20.5,20.5
68,Costa Rica,2012,21.6,21.6,21.6,21.6,21.6,21.6,21.6
68,Costa Rica,2013,19.9,19.9,19.9,19.9,19.9,19.9,19.9
68,Costa Rica,2014,19.9,19.9,19.9,19.9,19.9,19.9,19.9
68,Costa Rica,2015,19.1,19.1,19.1,19.1,19.1,19.1,19.1
68,Costa Rica,2016,18.7,18.7,18.7,18.7,18.7,18.7,18.7
68,Costa Rica,2017,18,18,18,18,18,18,18
68,Costa Rica,2018,19.5,19.5,19.5,19.5,19.5,19.5,19.5
46,Croatia,2010,15.3,15.3,15.3,15.3,15.3,15.3,15.3
46,Croatia,2011,15.1,15.1,15.1,15.1,15.1,15.1,15.1
46,Croatia,2012,15.1,15.1,15.1,15.1,15.1,15.1,15.1
46,Croatia,2013,11.2,11.2,11.2,11.2,11.2,11.2,11.2
46,Croatia,2014,9.1,9.1,9.1,9.1,9.1,9.1,9.1
46,Croatia,2015,9.1,9.1,9.1,9.1,9.1,9.1,9.1
46,Croatia,2016,9.1,9.1,9.1,9.1,9.1,9.1,9.1
46,Croatia,2017,9,9,9,9,9,9,9
46,Croatia,2018,8.3,8.3,8.3,8.3,8.3,8.3,8.3
31,Cyprus,2010,11.7,11.7,11.7,11.7,11.7,11.7,11.7
31,Cyprus,2011,10.1,10.1,10.1,10.1,10.1,10.1,10.1
31,Cyprus,2012,11.5,11.5,11.5,11.5,11.5,11.5,11.5
31,Cyprus,2013,11,11,11,11,11,11,11
31,Cyprus,2014,10.7,10.7,10.7,10.7,10.7,10.7,10.7
31,Cyprus,2015,10.9,10.9,10.9,10.9,10.9,10.9,10.9
31,Cyprus,2016,13.4,13.4,13.4,13.4,13.4,13.4,13.4
31,Cyprus,2017,11.5,11.5,11.5,11.5,11.5,11.5,11.5
31,Cyprus,2018,9.7,9.7,9.7,9.7,9.7,9.7,9.7
26,Czechia,2010,6,6,6,6,6,6,6
26,Czechia,2011,5,5,5,5,5,5,5
26,Czechia,2012,5.4,5.4,5.4,5.4,5.4,5.4,5.4
26,Czechia,2013,5.6,5.6,5.6,5.6,5.6,5.6,5.6
26,Czechia,2014,5.5,5.5,5.5,5.5,5.5,5.5,5.5
26,Czechia,2015,5.4,5.4,5.4,5.4,5.4,5.4,5.4
26,Czechia,2016,5.5,5.5,5.5,5.5,5.5,5.5,5.5
26,Czechia,2017,5.3,5.3,5.3,5.3,5.3,5.3,5.3
26,Czechia,2018,4.6,4.6,4.6,4.6,4.6,4.6,4.6
165,Côte d'Ivoire,2010,36.1,36.1,36.1,36.1,36.1,36.1,36.1
165,Côte d'Ivoire,2011,38.6,38.6,38.6,38.6,38.6,38.6,38.6
165,Côte d'Ivoire,2012,38.6,38.6,38.6,38.6,38.6,38.6,38.6
165,Côte d'Ivoire,2013,38.3,38.3,38.3,38.3,38.3,38.3,38.3
165,Côte d'Ivoire,2014,38,38,38,38,38,38,38
165,Côte d'Ivoire,2015,37.8,37.8,37.8,37.8,37.8,37.8,37.8
165,Côte d'Ivoire,2016,36,36,36,36,36,36,36
165,Côte d'Ivoire,2017,36.9,36.9,36.9,36.9,36.9,36.9,36.9
165,Côte d'Ivoire,2018,35.7,35.7,35.7,35.7,35.7,35.7,35.7
11,Denmark,2010,6.4,6.4,6.4,6.4,6.4,6.4,6.4
11,Denmark,2011,6,6,6,6,6,6,6
11,Denmark,2012,6.2,6.2,6.2,6.2,6.2,6.2,6.2
11,Denmark,2013,6.9,6.9,6.9,6.9,6.9,6.9,6.9
11,Denmark,2014,7.3,7.3,7.3,7.3,7.3,7.3,7.3
11,Denmark,2015,7.2,7.2,7.2,7.2,7.2,7.2,7.2
11,Denmark,2016,7.8,7.8,7.8,7.8,7.8,7.8,7.8
11,Denmark,2017,7.5,7.5,7.5,7.5,7.5,7.5,7.5
11,Denmark,2018,6.1,6.1,6.1,6.1,6.1,6.1,6.1
171,Djibouti,2010,37.3,37.3,37.3,37.3,37.3,37.3,37.3
171,Djibouti,2011,35.9,35.9,35.9,35.9,35.9,35.9,35.9
171,Djibouti,2012,36,36,36,36,36,36,36
171,Djibouti,2013,34.6,34.6,34.6,34.6,34.6,34.6,34.6
171,Djibouti,2014,34.6,34.6,34.6,34.6,34.6,34.6,34.6
171,Djibouti,2015,34.6,34.6,34.6,34.6,34.6,34.6,34.6
171,Djibouti,2016,34,34,34,34,34,34,34
171,Djibouti,2017,35.8,35.8,35.8,35.8,35.8,35.8,35.8
171,Djibouti,2018,,,,,,,
89,Dominican Republic,2010,24.8,24.8,24.8,24.8,24.8,24.8,24.8
89,Dominican Republic,2011,25.9,25.9,25.9,25.9,25.9,25.9,25.9
89,Dominican Republic,2012,27.3,27.3,27.3,27.3,27.3,27.3,27.3
89,Dominican Republic,2013,23.6,23.6,23.6,23.6,23.6,23.6,23.6
89,Dominican Republic,2014,23.6,23.6,23.6,23.6,23.6,23.6,23.6
89,Dominican Republic,2015,21.8,21.8,21.8,21.8,21.8,21.8,21.8
89,Dominican Republic,2016,22.2,22.2,22.2,22.2,22.2,22.2,22.2
89,Dominican Republic,2017,21.1,21.1,21.1,21.1,21.1,21.1,21.1
89,Dominican Republic,2018,21.5,21.5,21.5,21.5,21.5,21.5,21.5
85,Ecuador,2010,20.2,20.2,20.2,20.2,20.2,20.2,20.2
85,Ecuador,2011,25.7,25.7,25.7,25.7,25.7,25.7,25.7
85,Ecuador,2012,25.7,25.7,25.7,25.7,25.7,25.7,25.7
85,Ecuador,2013,22.8,22.8,22.8,22.8,22.8,22.8,22.8
85,Ecuador,2014,22.1,22.1,22.1,22.1,22.1,22.1,22.1
85,Ecuador,2015,20.5,20.5,20.5,20.5,20.5,20.5,20.5
85,Ecuador,2016,20.5,20.5,20.5,20.5,20.5,20.5,20.5
85,Ecuador,2017,19.8,19.8,19.8,19.8,19.8,19.8,19.8
85,Ecuador,2018,19.9,19.9,19.9,19.9,19.9,19.9,19.9
116,Egypt,2010,27.5,27.5,27.5,27.5,27.5,27.5,27.5
116,Egypt,2011,24.1,24.1,24.1,24.1,24.1,24.1,24.1
116,Egypt,2012,24.1,24.1,24.1,24.1,24.1,24.1,24.1
116,Egypt,2013,24,24,24,24,24,24,24
116,Egypt,2014,24,24,24,24,24,24,24
116,Egypt,2015,29,29,29,29,29,29,29
116,Egypt,2016,29.2,29.2,29.2,29.2,29.2,29.2,29.2
116,Egypt,2017,29.2,29.2,29.2,29.2,29.2,29.2,29.2
116,Egypt,2018,29.7,29.7,29.7,29.7,29.7,29.7,29.7
124,El Salvador,2010,27.6,27.6,27.6,27.6,27.6,27.6,27.6
124,El Salvador,2011,26.6,26.6,26.6,26.6,26.6,26.6,26.6
124,El Salvador,2012,26.6,26.6,26.6,26.6,26.6,26.6,26.6
124,El Salvador,2013,26.7,26.7,26.7,26.7,26.7,26.7,26.7
124,El Salvador,2014,26.7,26.7,26.7,26.7,26.7,26.7,26.7
124,El Salvador,2015,22.2,22.2,22.2,22.2,22.2,22.2,22.2
124,El Salvador,2016,22.7,22.7,22.7,22.7,22.7,22.7,22.7
124,El Salvador,2017,22.3,22.3,22.3,22.3,22.3,22.3,22.3
124,El Salvador,2018,21.9,21.9,21.9,21.9,21.9,21.9,21.9
30,Estonia,2010,9.8,9.8,9.8,9.8,9.8,9.8,9.8
30,Estonia,2011,7.9,7.9,7.9,7.9,7.9,7.9,7.9
30,Estonia,2012,9,9,9,9,9,9,9
30,Estonia,2013,8.7,8.7,8.7,8.7,8.7,8.7,8.7
30,Estonia,2014,9.1,9.1,9.1,9.1,9.1,9.1,9.1
30,Estonia,2015,8.9,8.9,8.9,8.9,8.9,8.9,8.9
30,Estonia,2016,9.8,9.8,9.8,9.8,9.8,9.8,9.8
30,Estonia,2017,8.8,8.8,8.8,8.8,8.8,8.8,8.8
30,Estonia,2018,7.3,7.3,7.3,7.3,7.3,7.3,7.3
138,Eswatini (Kingdom of),2010,35.7,35.7,35.7,35.7,35.7,35.7,35.7
138,Eswatini (Kingdom of),2011,35.4,35.4,35.4,35.4,35.4,35.4,35.4
138,Eswatini (Kingdom of),2012,35.4,35.4,35.4,35.4,35.4,35.4,35.4
138,Eswatini (Kingdom of),2013,33.3,33.3,33.3,33.3,33.3,33.3,33.3
138,Eswatini (Kingdom of),2014,33.3,33.3,33.3,33.3,33.3,33.3,33.3
138,Eswatini (Kingdom of),2015,33.3,33.3,33.3,33.3,33.3,33.3,33.3
138,Eswatini (Kingdom of),2016,29.7,29.7,29.7,29.7,29.7,29.7,29.7
138,Eswatini (Kingdom of),2017,29.7,29.7,29.7,29.7,29.7,29.7,29.7
138,Eswatini (Kingdom of),2018,29.3,29.3,29.3,29.3,29.3,29.3,29.3
173,Ethiopia,2010,34.3,34.3,34.3,34.3,34.3,34.3,34.3
173,Ethiopia,2011,31.9,31.9,31.9,31.9,31.9,31.9,31.9
173,Ethiopia,2012,31.9,31.9,31.9,31.9,31.9,31.9,31.9
173,Ethiopia,2013,29.4,29.4,29.4,29.4,29.4,29.4,29.4
173,Ethiopia,2014,29.4,29.4,29.4,29.4,29.4,29.4,29.4
173,Ethiopia,2015,26.3,26.3,26.3,26.3,26.3,26.3,26.3
173,Ethiopia,2016,24.5,24.5,24.5,24.5,24.5,24.5,24.5
173,Ethiopia,2017,28.4,28.4,28.4,28.4,28.4,28.4,28.4
173,Ethiopia,2018,28.4,28.4,28.4,28.4,28.4,28.4,28.4
98,Fiji,2010,,,,,,,
98,Fiji,2011,,,,,,,
98,Fiji,2012,,,,,,,
98,Fiji,2013,15.3,15.3,15.3,15.3,15.3,15.3,15.3
98,Fiji,2014,15.3,15.3,15.3,15.3,15.3,15.3,15.3
98,Fiji,2015,15.3,15.3,15.3,15.3,15.3,15.3,15.3
98,Fiji,2016,,,,,,,
98,Fiji,2017,,,,,,,
98,Fiji,2018,,,,,,,
12,Finland,2010,7.5,7.5,7.5,7.5,7.5,7.5,7.5
12,Finland,2011,5.6,5.6,5.6,5.6,5.6,5.6,5.6
12,Finland,2012,5.9,5.9,5.9,5.9,5.9,5.9,5.9
12,Finland,2013,5.5,5.5,5.5,5.5,5.5,5.5,5.5
12,Finland,2014,5.5,5.5,5.5,5.5,5.5,5.5,5.5
12,Finland,2015,5.8,5.8,5.8,5.8,5.8,5.8,5.8
12,Finland,2016,8.8,8.8,8.8,8.8,8.8,8.8,8.8
12,Finland,2017,5.6,5.6,5.6,5.6,5.6,5.6,5.6
12,Finland,2018,5.3,5.3,5.3,5.3,5.3,5.3,5.3
26,France,2010,9.2,9.2,9.2,9.2,9.2,9.2,9.2
26,France,2011,9.2,9.2,9.2,9.2,9.2,9.2,9.2
26,France,2012,9,9,9,9,9,9,9
26,France,2013,9,9,9,9,9,9,9
26,France,2014,8.7,8.7,8.7,8.7,8.7,8.7,8.7
26,France,2015,9.4,9.4,9.4,9.4,9.4,9.4,9.4
26,France,2016,12.6,12.6,12.6,12.6,12.6,12.6,12.6
26,France,2017,10.3,10.3,10.3,10.3,10.3,10.3,10.3
26,France,2018,9.2,9.2,9.2,9.2,9.2,9.2,9.2
115,Gabon,2010,21.1,21.1,21.1,21.1,21.1,21.1,21.1
115,Gabon,2011,19.5,19.5,19.5,19.5,19.5,19.5,19.5
115,Gabon,2012,19.5,19.5,19.5,19.5,19.5,19.5,19.5
115,Gabon,2013,24,24,24,24,24,24,24
115,Gabon,2014,24,24,24,24,24,24,24
115,Gabon,2015,23.9,23.9,23.9,23.9,23.9,23.9,23.9
115,Gabon,2016,22.3,22.3,22.3,22.3,22.3,22.3,22.3
115,Gabon,2017,22.3,22.3,22.3,22.3,22.3,22.3,22.3
115,Gabon,2018,22.5,22.5,22.5,22.5,22.5,22.5,22.5
174,Gambia,2010,39,39,39,39,39,39,39
174,Gambia,2011,,,,,,,
174,Gambia,2012,,,,,,,
174,Gambia,2013,,,,,,,
174,Gambia,2014,,,,,,,
174,Gambia,2015,,,,,,,
174,Gambia,2016,37.1,37.1,37.1,37.1,37.1,37.1,37.1
174,Gambia,2017,37.1,37.1,37.1,37.1,37.1,37.1,37.1
174,Gambia,2018,37.2,37.2,37.2,37.2,37.2,37.2,37.2
70,Georgia,2010,17,17,17,17,17,17,17
70,Georgia,2011,14.1,14.1,14.1,14.1,14.1,14.1,14.1
70,Georgia,2012,15.3,15.3,15.3,15.3,15.3,15.3,15.3
70,Georgia,2013,14.5,14.5,14.5,14.5,14.5,14.5,14.5
70,Georgia,2014,13.6,13.6,13.6,13.6,13.6,13.6,13.6
70,Georgia,2015,12.7,12.7,12.7,12.7,12.7,12.7,12.7
70,Georgia,2016,12,12,12,12,12,12,12
70,Georgia,2017,12.6,12.6,12.6,12.6,12.6,12.6,12.6
70,Georgia,2018,12,12,12,12,12,12,12
4,Germany,2010,8,8,8,8,8,8,8
4,Germany,2011,6.9,6.9,6.9,6.9,6.9,6.9,6.9
4,Germany,2012,6.9,6.9,6.9,6.9,6.9,6.9,6.9
4,Germany,2013,7.1,7.1,7.1,7.1,7.1,7.1,7.1
4,Germany,2014,6.9,6.9,6.9,6.9,6.9,6.9,6.9
4,Germany,2015,7.2,7.2,7.2,7.2,7.2,7.2,7.2
4,Germany,2016,8.6,8.6,8.6,8.6,8.6,8.6,8.6
4,Germany,2017,8.1,8.1,8.1,8.1,8.1,8.1,8.1
4,Germany,2018,8.3,8.3,8.3,8.3,8.3,8.3,8.3
142,Ghana,2010,25.3,25.3,25.3,25.3,25.3,25.3,25.3
142,Ghana,2011,32.2,32.2,32.2,32.2,32.2,32.2,32.2
142,Ghana,2012,32.2,32.2,32.2,32.2,32.2,32.2,32.2
142,Ghana,2013,31.3,31.3,31.3,31.3,31.3,31.3,31.3
142,Ghana,2014,33.1,33.1,33.1,33.1,33.1,33.1,33.1
142,Ghana,2015,32.5,32.5,32.5,32.5,32.5,32.5,32.5
142,Ghana,2016,28.9,28.9,28.9,28.9,28.9,28.9,28.9
142,Ghana,2017,28.9,28.9,28.9,28.9,28.9,28.9,28.9
142,Ghana,2018,28.3,28.3,28.3,28.3,28.3,28.3,28.3
32,Greece,2010,10.2,10.2,10.2,10.2,10.2,10.2,10.2
32,Greece,2011,12.2,12.2,12.2,12.2,12.2,12.2,12.2
32,Greece,2012,11.6,11.6,11.6,11.6,11.6,11.6,11.6
32,Greece,2013,10.6,10.6,10.6,10.6,10.6,10.6,10.6
32,Greece,2014,12.3,12.3,12.3,12.3,12.3,12.3,12.3
32,Greece,2015,12.4,12.4,12.4,12.4,12.4,12.4,12.4
32,Greece,2016,13.2,13.2,13.2,13.2,13.2,13.2,13.2
32,Greece,2017,13.5,13.5,13.5,13.5,13.5,13.5,13.5
32,Greece,2018,12.2,12.2,12.2,12.2,12.2,12.2,12.2
126,Guatemala,2010,33.6,33.6,33.6,33.6,33.6,33.6,33.6
126,Guatemala,2011,31.6,31.6,31.6,31.6,31.6,31.6,31.6
126,Guatemala,2012,33.1,33.1,33.1,33.1,33.1,33.1,33.1
126,Guatemala,2013,32.8,32.8,32.8,32.8,32.8,32.8,32.8
126,Guatemala,2014,29.4,29.4,29.4,29.4,29.4,29.4,29.4
126,Guatemala,2015,29.6,29.6,29.6,29.6,29.6,29.6,29.6
126,Guatemala,2016,28.9,28.9,28.9,28.9,28.9,28.9,28.9
126,Guatemala,2017,28.2,28.2,28.2,28.2,28.2,28.2,28.2
126,Guatemala,2018,27.4,27.4,27.4,27.4,27.4,27.4,27.4
174,Guinea,2010,38.4,38.4,38.4,38.4,38.4,38.4,38.4
174,Guinea,2011,38.8,38.8,38.8,38.8,38.8,38.8,38.8
174,Guinea,2012,38.8,38.8,38.8,38.8,38.8,38.8,38.8
174,Guinea,2013,38,38,38,38,38,38,38
174,Guinea,2014,36.5,36.5,36.5,36.5,36.5,36.5,36.5
174,Guinea,2015,34.8,34.8,34.8,34.8,34.8,34.8,34.8
174,Guinea,2016,33.4,33.4,33.4,33.4,33.4,33.4,33.4
174,Guinea,2017,33.4,33.4,33.4,33.4,33.4,33.4,33.4
174,Guinea,2018,33.4,33.4,33.4,33.4,33.4,33.4,33.4
178,Guinea-Bissau,2010,42.4,42.4,42.4,42.4,42.4,42.4,42.4
178,Guinea-Bissau,2011,41.4,41.4,41.4,41.4,41.4,41.4,41.4
178,Guinea-Bissau,2012,41.4,41.4,41.4,41.4,41.4,41.4,41.4
178,Guinea-Bissau,2013,39.6,39.6,39.6,39.6,39.6,39.6,39.6
178,Guinea-Bissau,2014,39.6,39.6,39.6,39.6,39.6,39.6,39.6
178,Guinea-Bissau,2015,39.4,39.4,39.4,39.4,39.4,39.4,39.4
178,Guinea-Bissau,2016,39.4,39.4,39.4,39.4,39.4,39.4,39.4
178,Guinea-Bissau,2017,39.4,39.4,39.4,39.4,39.4,39.4,39.4
178,Guinea-Bissau,2018,37.5,37.5,37.5,37.5,37.5,37.5,37.5
123,Guyana,2010,18.6,18.6,18.6,18.6,18.6,18.6,18.6
123,Guyana,2011,22.3,22.3,22.3,22.3,22.3,22.3,22.3
123,Guyana,2012,19.1,19.1,19.1,19.1,19.1,19.1,19.1
123,Guyana,2013,18.2,18.2,18.2,18.2,18.2,18.2,18.2
123,Guyana,2014,18.2,18.2,18.2,18.2,18.2,18.2,18.2
123,Guyana,2015,18.7,18.7,18.7,18.7,18.7,18.7,18.7
123,Guyana,2016,18.7,18.7,18.7,18.7,18.7,18.7,18.7
123,Guyana,2017,18.6,18.6,18.6,18.6,18.6,18.6,18.6
123,Guyana,2018,18.5,18.5,18.5,18.5,18.5,18.5,18.5
169,Haiti,2010,40.8,40.8,40.8,40.8,40.8,40.8,40.8
169,Haiti,2011,40.2,40.2,40.2,40.2,40.2,40.2,40.2
169,Haiti,2012,40.2,40.2,40.2,40.2,40.2,40.2,40.2
169,Haiti,2013,39.5,39.5,39.5,39.5,39.5,39.5,39.5
169,Haiti,2014,38.8,38.8,38.8,38.8,38.8,38.8,38.8
169,Haiti,2015,39.6,39.6,39.6,39.6,39.6,39.6,39.6
169,Haiti,2016,39,39,39,39,39,39,39
169,Haiti,2017,39,39,39,39,39,39,39
169,Haiti,2018,40.5,40.5,40.5,40.5,40.5,40.5,40.5
132,Honduras,2010,30.6,30.6,30.6,30.6,30.6,30.6,30.6
132,Honduras,2011,31.7,31.7,31.7,31.7,31.7,31.7,31.7
132,Honduras,2012,27.5,27.5,27.5,27.5,27.5,27.5,27.5
132,Honduras,2013,32.3,32.3,32.3,32.3,32.3,32.3,32.3
132,Honduras,2014,32,32,32,32,32,32,32
132,Honduras,2015,29.2,29.2,29.2,29.2,29.2,29.2,29.2
132,Honduras,2016,26.2,26.2,26.2,26.2,26.2,26.2,26.2
132,Honduras,2017,25.6,25.6,25.6,25.6,25.6,25.6,25.6
132,Honduras,2018,25.5,25.5,25.5,25.5,25.5,25.5,25.5
4,"Hong Kong, China (SAR)",2010,,,,,,,
4,"Hong Kong, China (SAR)",2011,,,,,,,
4,"Hong Kong, China (SAR)",2012,,,,,,,
4,"Hong Kong, China (SAR)",2013,,,,,,,
4,"Hong Kong, China (SAR)",2014,,,,,,,
4,"Hong Kong, China (SAR)",2015,,,,,,,
4,"Hong Kong, China (SAR)",2016,,,,,,,
4,"Hong Kong, China (SAR)",2017,13.3,13.3,13.3,13.3,13.3,13.3,13.3
4,"Hong Kong, China (SAR)",2018,13.1,13.1,13.1,13.1,13.1,13.1,13.1
43,Hungary,2010,8.6,8.6,8.6,8.6,8.6,8.6,8.6
43,Hungary,2011,7,7,7,7,7,7,7
43,Hungary,2012,7.4,7.4,7.4,7.4,7.4,7.4,7.4
43,Hungary,2013,7.4,7.4,7.4,7.4,7.4,7.4,7.4
43,Hungary,2014,7.2,7.2,7.2,7.2,7.2,7.2,7.2
43,Hungary,2015,7.8,7.8,7.8,7.8,7.8,7.8,7.8
43,Hungary,2016,7.9,7.9,7.9,7.9,7.9,7.9,7.9
43,Hungary,2017,7.9,7.9,7.9,7.9,7.9,7.9,7.9
43,Hungary,2018,8,8,8,8,8,8,8
6,Iceland,2010,6.6,6.6,6.6,6.6,6.6,6.6,6.6
6,Iceland,2011,5.9,5.9,5.9,5.9,5.9,5.9,5.9
6,Iceland,2012,6.4,6.4,6.4,6.4,6.4,6.4,6.4
6,Iceland,2013,5.7,5.7,5.7,5.7,5.7,5.7,5.7
6,Iceland,2014,5.9,5.9,5.9,5.9,5.9,5.9,5.9
6,Iceland,2015,5.8,5.8,5.8,5.8,5.8,5.8,5.8
6,Iceland,2016,6.1,6.1,6.1,6.1,6.1,6.1,6.1
6,Iceland,2017,6.1,6.1,6.1,6.1,6.1,6.1,6.1
6,Iceland,2018,5.7,5.7,5.7,5.7,5.7,5.7,5.7
129,India,2010,29.7,29.7,29.7,29.7,29.7,29.7,29.7
129,India,2011,28.3,28.3,28.3,28.3,28.3,28.3,28.3
129,India,2012,29.3,29.3,29.3,29.3,29.3,29.3,29.3
129,India,2013,28.6,28.6,28.6,28.6,28.6,28.6,28.6
129,India,2014,28.6,28.6,28.6,28.6,28.6,28.6,28.6
129,India,2015,27.2,27.2,27.2,27.2,27.2,27.2,27.2
129,India,2016,27.8,27.8,27.8,27.8,27.8,27.8,27.8
129,India,2017,26.9,26.9,26.9,26.9,26.9,26.9,26.9
129,India,2018,16.9,16.9,16.9,16.9,16.9,16.9,16.9
111,Indonesia,2010,17.7,17.7,17.7,17.7,17.7,17.7,17.7
111,Indonesia,2011,18.3,18.3,18.3,18.3,18.3,18.3,18.3
111,Indonesia,2012,18.3,18.3,18.3,18.3,18.3,18.3,18.3
111,Indonesia,2013,19.2,19.2,19.2,19.2,19.2,19.2,19.2
111,Indonesia,2014,18.2,18.2,18.2,18.2,18.2,18.2,18.2
111,Indonesia,2015,18.2,18.2,18.2,18.2,18.2,18.2,18.2
111,Indonesia,2016,17.7,17.7,17.7,17.7,17.7,17.7,17.7
111,Indonesia,2017,18.9,18.9,18.9,18.9,18.9,18.9,18.9
111,Indonesia,2018,17.5,17.5,17.5,17.5,17.5,17.5,17.5
65,Iran (Islamic Republic of),2010,,,,,,,
65,Iran (Islamic Republic of),2011,,,,,,,
65,Iran (Islamic Republic of),2012,,,,,,,
65,Iran (Islamic Republic of),2013,33.6,33.6,33.6,33.6,33.6,33.6,33.6
65,Iran (Islamic Republic of),2014,33.6,33.6,33.6,33.6,33.6,33.6,33.6
65,Iran (Islamic Republic of),2015,33.1,33.1,33.1,33.1,33.1,33.1,33.1
65,Iran (Islamic Republic of),2016,,,,,,,
65,Iran (Islamic Republic of),2017,11.4,11.4,11.4,11.4,11.4,11.4,11.4
65,Iran (Islamic Republic of),2018,11.5,11.5,11.5,11.5,11.5,11.5,11.5
120,Iraq,2010,,,,,,,
120,Iraq,2011,,,,,,,
120,Iraq,2012,,,,,,,
120,Iraq,2013,21.4,21.4,21.4,21.4,21.4,21.4,21.4
120,Iraq,2014,21.7,21.7,21.7,21.7,21.7,21.7,21.7
120,Iraq,2015,22.3,22.3,22.3,22.3,22.3,22.3,22.3
120,Iraq,2016,21.3,21.3,21.3,21.3,21.3,21.3,21.3
120,Iraq,2017,20.4,20.4,20.4,20.4,20.4,20.4,20.4
120,Iraq,2018,19.8,19.8,19.8,19.8,19.8,19.8,19.8
3,Ireland,2010,9.2,9.2,9.2,9.2,9.2,9.2,9.2
3,Ireland,2011,7.2,7.2,7.2,7.2,7.2,7.2,7.2
3,Ireland,2012,7.2,7.2,7.2,7.2,7.2,7.2,7.2
3,Ireland,2013,7.5,7.5,7.5,7.5,7.5,7.5,7.5
3,Ireland,2014,8.6,8.6,8.6,8.6,8.6,8.6,8.6
3,Ireland,2015,7.9,7.9,7.9,7.9,7.9,7.9,7.9
3,Ireland,2016,9,9,9,9,9,9,9
3,Ireland,2017,9,9,9,9,9,9,9
3,Ireland,2018,7.5,7.5,7.5,7.5,7.5,7.5,7.5
22,Israel,2010,12.5,12.5,12.5,12.5,12.5,12.5,12.5
22,Israel,2011,12.3,12.3,12.3,12.3,12.3,12.3,12.3
22,Israel,2012,12.3,12.3,12.3,12.3,12.3,12.3,12.3
22,Israel,2013,10.7,10.7,10.7,10.7,10.7,10.7,10.7
22,Israel,2014,13.4,13.4,13.4,13.4,13.4,13.4,13.4
22,Israel,2015,13.5,13.5,13.5,13.5,13.5,13.5,13.5
22,Israel,2016,13.3,13.3,13.3,13.3,13.3,13.3,13.3
22,Israel,2017,12.9,12.9,12.9,12.9,12.9,12.9,12.9
22,Israel,2018,10.8,10.8,10.8,10.8,10.8,10.8,10.8
29,Italy,2010,12,12,12,12,12,12,12
29,Italy,2011,10.9,10.9,10.9,10.9,10.9,10.9,10.9
29,Italy,2012,11.9,11.9,11.9,11.9,11.9,11.9,11.9
29,Italy,2013,11.9,11.9,11.9,11.9,11.9,11.9,11.9
29,Italy,2014,11.5,11.5,11.5,11.5,11.5,11.5,11.5
29,Italy,2015,11.5,11.5,11.5,11.5,11.5,11.5,11.5
29,Italy,2016,12.7,12.7,12.7,12.7,12.7,12.7,12.7
29,Italy,2017,12.3,12.3,12.3,12.3,12.3,12.3,12.3
29,Italy,2018,12.1,12.1,12.1,12.1,12.1,12.1,12.1
96,Jamaica,2010,16.6,16.6,16.6,16.6,16.6,16.6,16.6
96,Jamaica,2011,16.2,16.2,16.2,16.2,16.2,16.2,16.2
96,Jamaica,2012,19.1,19.1,19.1,19.1,19.1,19.1,19.1
96,Jamaica,2013,19,19,19,19,19,19,19
96,Jamaica,2014,17.5,17.5,17.5,17.5,17.5,17.5,17.5
96,Jamaica,2015,16.5,16.5,16.5,16.5,16.5,16.5,16.5
96,Jamaica,2016,17,17,17,17,17,17,17
96,Jamaica,2017,17,17,17,17,17,17,17
96,Jamaica,2018,16.7,16.7,16.7,16.7,16.7,16.7,16.7
19,Japan,2010,,,,,,,
19,Japan,2011,,,,,,,
19,Japan,2012,,,,,,,
19,Japan,2013,12.4,12.4,12.4,12.4,12.4,12.4,12.4
19,Japan,2014,12.4,12.4,12.4,12.4,12.4,12.4,12.4
19,Japan,2015,12.4,12.4,12.4,12.4,12.4,12.4,12.4
19,Japan,2016,12.3,12.3,12.3,12.3,12.3,12.3,12.3
19,Japan,2017,,,,,,,
19,Japan,2018,3.6,3.6,3.6,3.6,3.6,3.6,3.6
102,Jordan,2010,19.2,19.2,19.2,19.2,19.2,19.2,19.2
102,Jordan,2011,19,19,19,19,19,19,19
102,Jordan,2012,19,19,19,19,19,19,19
102,Jordan,2013,18.6,18.6,18.6,18.6,18.6,18.6,18.6
102,Jordan,2014,16.5,16.5,16.5,16.5,16.5,16.5,16.5
102,Jordan,2015,16.5,16.5,16.5,16.5,16.5,16.5,16.5
102,Jordan,2016,16.1,16.1,16.1,16.1,16.1,16.1,16.1
102,Jordan,2017,16.1,16.1,16.1,16.1,16.1,16.1,16.1
102,Jordan,2018,14.7,14.7,14.7,14.7,14.7,14.7,14.7
50,Kazakhstan,2010,13.5,13.5,13.5,13.5,13.5,13.5,13.5
50,Kazakhstan,2011,11.9,11.9,11.9,11.9,11.9,11.9,11.9
50,Kazakhstan,2012,13.6,13.6,13.6,13.6,13.6,13.6,13.6
50,Kazakhstan,2013,11.9,11.9,11.9,11.9,11.9,11.9,11.9
50,Kazakhstan,2014,11.9,11.9,11.9,11.9,11.9,11.9,11.9
50,Kazakhstan,2015,10.1,10.1,10.1,10.1,10.1,10.1,10.1
50,Kazakhstan,2016,7.9,7.9,7.9,7.9,7.9,7.9,7.9
50,Kazakhstan,2017,7.9,7.9,7.9,7.9,7.9,7.9,7.9
50,Kazakhstan,2018,7.1,7.1,7.1,7.1,7.1,7.1,7.1
147,Kenya,2010,31.8,31.8,31.8,31.8,31.8,31.8,31.8
147,Kenya,2011,33.6,33.6,33.6,33.6,33.6,33.6,33.6
147,Kenya,2012,33.6,33.6,33.6,33.6,33.6,33.6,33.6
147,Kenya,2013,32.8,32.8,32.8,32.8,32.8,32.8,32.8
147,Kenya,2014,31.3,31.3,31.3,31.3,31.3,31.3,31.3
147,Kenya,2015,29.5,29.5,29.5,29.5,29.5,29.5,29.5
147,Kenya,2016,26.4,26.4,26.4,26.4,26.4,26.4,26.4
147,Kenya,2017,26.4,26.4,26.4,26.4,26.4,26.4,26.4
147,Kenya,2018,26.3,26.3,26.3,26.3,26.3,26.3,26.3
132,Kiribati,2010,,,,,,,
132,Kiribati,2011,,,,,,,
132,Kiribati,2012,,,,,,,
132,Kiribati,2013,31.5,31.5,31.5,31.5,31.5,31.5,31.5
132,Kiribati,2014,31.5,31.5,31.5,31.5,31.5,31.5,31.5
132,Kiribati,2015,33.1,33.1,33.1,33.1,33.1,33.1,33.1
132,Kiribati,2016,32.6,32.6,32.6,32.6,32.6,32.6,32.6
132,Kiribati,2017,,,,,,,
132,Kiribati,2018,,,,,,,
22,Korea (Republic of),2010,16.7,16.7,16.7,16.7,16.7,16.7,16.7
22,Korea (Republic of),2011,16.5,16.5,16.5,16.5,16.5,16.5,16.5
22,Korea (Republic of),2012,16.5,16.5,16.5,16.5,16.5,16.5,16.5
22,Korea (Republic of),2013,17.4,17.4,17.4,17.4,17.4,17.4,17.4
22,Korea (Republic of),2014,16.4,16.4,16.4,16.4,16.4,16.4,16.4
22,Korea (Republic of),2015,16.3,16.3,16.3,16.3,16.3,16.3,16.3
22,Korea (Republic of),2016,14.3,14.3,14.3,14.3,14.3,14.3,14.3
22,Korea (Republic of),2017,14.3,14.3,14.3,14.3,14.3,14.3,14.3
22,Korea (Republic of),2018,14.2,14.2,14.2,14.2,14.2,14.2,14.2
122,Kyrgyzstan,2010,15.1,15.1,15.1,15.1,15.1,15.1,15.1
122,Kyrgyzstan,2011,14.5,14.5,14.5,14.5,14.5,14.5,14.5
122,Kyrgyzstan,2012,17.1,17.1,17.1,17.1,17.1,17.1,17.1
122,Kyrgyzstan,2013,17.2,17.2,17.2,17.2,17.2,17.2,17.2
122,Kyrgyzstan,2014,14.5,14.5,14.5,14.5,14.5,14.5,14.5
122,Kyrgyzstan,2015,12.3,12.3,12.3,12.3,12.3,12.3,12.3
122,Kyrgyzstan,2016,9.8,9.8,9.8,9.8,9.8,9.8,9.8
122,Kyrgyzstan,2017,9.8,9.8,9.8,9.8,9.8,9.8,9.8
122,Kyrgyzstan,2018,9.5,9.5,9.5,9.5,9.5,9.5,9.5
140,Lao People's Democratic Republic,2010,24.8,24.8,24.8,24.8,24.8,24.8,24.8
140,Lao People's Democratic Republic,2011,22.8,22.8,22.8,22.8,22.8,22.8,22.8
140,Lao People's Democratic Republic,2012,24.7,24.7,24.7,24.7,24.7,24.7,24.7
140,Lao People's Democratic Republic,2013,24.5,24.5,24.5,24.5,24.5,24.5,24.5
140,Lao People's Democratic Republic,2014,25.6,25.6,25.6,25.6,25.6,25.6,25.6
140,Lao People's Democratic Republic,2015,27.1,27.1,27.1,27.1,27.1,27.1,27.1
140,Lao People's Democratic Republic,2016,26.1,26.1,26.1,26.1,26.1,26.1,26.1
140,Lao People's Democratic Republic,2017,26.1,26.1,26.1,26.1,26.1,26.1,26.1
140,Lao People's Democratic Republic,2018,24.9,24.9,24.9,24.9,24.9,24.9,24.9
39,Latvia,2010,11.1,11.1,11.1,11.1,11.1,11.1,11.1
39,Latvia,2011,11,11,11,11,11,11,11
39,Latvia,2012,10.9,10.9,10.9,10.9,10.9,10.9,10.9
39,Latvia,2013,10.6,10.6,10.6,10.6,10.6,10.6,10.6
39,Latvia,2014,10.8,10.8,10.8,10.8,10.8,10.8,10.8
39,Latvia,2015,10.6,10.6,10.6,10.6,10.6,10.6,10.6
39,Latvia,2016,10.4,10.4,10.4,10.4,10.4,10.4,10.4
39,Latvia,2017,10.4,10.4,10.4,10.4,10.4,10.4,10.4
39,Latvia,2018,9.1,9.1,9.1,9.1,9.1,9.1,9.1
93,Lebanon,2010,,,,,,,
93,Lebanon,2011,22.8,22.8,22.8,22.8,22.8,22.8,22.8
93,Lebanon,2012,22.8,22.8,22.8,22.8,22.8,22.8,22.8
93,Lebanon,2013,20.9,20.9,20.9,20.9,20.9,20.9,20.9
93,Lebanon,2014,20.9,20.9,20.9,20.9,20.9,20.9,20.9
93,Lebanon,2015,21,21,21,21,21,21,21
93,Lebanon,2016,,,,,,,
93,Lebanon,2017,,,,,,,
93,Lebanon,2018,,,,,,,
164,Lesotho,2010,34,34,34,34,34,34,34
164,Lesotho,2011,35.9,35.9,35.9,35.9,35.9,35.9,35.9
164,Lesotho,2012,35.9,35.9,35.9,35.9,35.9,35.9,35.9
164,Lesotho,2013,35.6,35.6,35.6,35.6,35.6,35.6,35.6
164,Lesotho,2014,35.6,35.6,35.6,35.6,35.6,35.6,35.6
164,Lesotho,2015,35.6,35.6,35.6,35.6,35.6,35.6,35.6
164,Lesotho,2016,31,31,31,31,31,31,31
164,Lesotho,2017,31,31,31,31,31,31,31
164,Lesotho,2018,32.5,32.5,32.5,32.5,32.5,32.5,32.5
176,Liberia,2010,37.3,37.3,37.3,37.3,37.3,37.3,37.3
176,Liberia,2011,35.3,35.3,35.3,35.3,35.3,35.3,35.3
176,Liberia,2012,35.3,35.3,35.3,35.3,35.3,35.3,35.3
176,Liberia,2013,33.8,33.8,33.8,33.8,33.8,33.8,33.8
176,Liberia,2014,34.8,34.8,34.8,34.8,34.8,34.8,34.8
176,Liberia,2015,33.4,33.4,33.4,33.4,33.4,33.4,33.4
176,Liberia,2016,31.6,31.6,31.6,31.6,31.6,31.6,31.6
176,Liberia,2017,31.6,31.6,31.6,31.6,31.6,31.6,31.6
176,Liberia,2018,32.3,32.3,32.3,32.3,32.3,32.3,32.3
34,Lithuania,2010,11.5,11.5,11.5,11.5,11.5,11.5,11.5
34,Lithuania,2011,9.8,9.8,9.8,9.8,9.8,9.8,9.8
34,Lithuania,2012,11,11,11,11,11,11,11
34,Lithuania,2013,10.6,10.6,10.6,10.6,10.6,10.6,10.6
34,Lithuania,2014,10.2,10.2,10.2,10.2,10.2,10.2,10.2
34,Lithuania,2015,10.5,10.5,10.5,10.5,10.5,10.5,10.5
34,Lithuania,2016,10.6,10.6,10.6,10.6,10.6,10.6,10.6
34,Lithuania,2017,11.7,11.7,11.7,11.7,11.7,11.7,11.7
34,Lithuania,2018,10.9,10.9,10.9,10.9,10.9,10.9,10.9
21,Luxembourg,2010,9,9,9,9,9,9,9
21,Luxembourg,2011,7.8,7.8,7.8,7.8,7.8,7.8,7.8
21,Luxembourg,2012,7.2,7.2,7.2,7.2,7.2,7.2,7.2
21,Luxembourg,2013,7.6,7.6,7.6,7.6,7.6,7.6,7.6
21,Luxembourg,2014,7.8,7.8,7.8,7.8,7.8,7.8,7.8
21,Luxembourg,2015,8,8,8,8,8,8,8
21,Luxembourg,2016,9.9,9.9,9.9,9.9,9.9,9.9,9.9
21,Luxembourg,2017,10.4,10.4,10.4,10.4,10.4,10.4,10.4
21,Luxembourg,2018,9.5,9.5,9.5,9.5,9.5,9.5,9.5
162,Madagascar,2010,29.2,29.2,29.2,29.2,29.2,29.2,29.2
162,Madagascar,2011,30.7,30.7,30.7,30.7,30.7,30.7,30.7
162,Madagascar,2012,30.7,30.7,30.7,30.7,30.7,30.7,30.7
162,Madagascar,2013,30.5,30.5,30.5,30.5,30.5,30.5,30.5
162,Madagascar,2014,27,27,27,27,27,27,27
162,Madagascar,2015,27,27,27,27,27,27,27
162,Madagascar,2016,25.9,25.9,25.9,25.9,25.9,25.9,25.9
162,Madagascar,2017,25.9,25.9,25.9,25.9,25.9,25.9,25.9
162,Madagascar,2018,25.8,25.8,25.8,25.8,25.8,25.8,25.8
172,Malawi,2010,32.1,32.1,32.1,32.1,32.1,32.1,32.1
172,Malawi,2011,31.9,31.9,31.9,31.9,31.9,31.9,31.9
172,Malawi,2012,31.4,31.4,31.4,31.4,31.4,31.4,31.4
172,Malawi,2013,31.9,31.9,31.9,31.9,31.9,31.9,31.9
172,Malawi,2014,32.9,32.9,32.9,32.9,32.9,32.9,32.9
172,Malawi,2015,31.2,31.2,31.2,31.2,31.2,31.2,31.2
172,Malawi,2016,30.4,30.4,30.4,30.4,30.4,30.4,30.4
172,Malawi,2017,30.4,30.4,30.4,30.4,30.4,30.4,30.4
172,Malawi,2018,28.7,28.7,28.7,28.7,28.7,28.7,28.7
104,Maldives,2010,15.6,15.6,15.6,15.6,15.6,15.6,15.6
104,Maldives,2011,25.2,25.2,25.2,25.2,25.2,25.2,25.2
104,Maldives,2012,25.2,25.2,25.2,25.2,25.2,25.2,25.2
104,Maldives,2013,25.4,25.4,25.4,25.4,25.4,25.4,25.4
104,Maldives,2014,24.9,24.9,24.9,24.9,24.9,24.9,24.9
104,Maldives,2015,24.6,24.6,24.6,24.6,24.6,24.6,24.6
104,Maldives,2016,24.3,24.3,24.3,24.3,24.3,24.3,24.3
104,Maldives,2017,23.4,23.4,23.4,23.4,23.4,23.4,23.4
104,Maldives,2018,21,21,21,21,21,21,21
184,Mali,2010,38.3,38.3,38.3,38.3,38.3,38.3,38.3
184,Mali,2011,,,,,,,
184,Mali,2012,,,,,,,
184,Mali,2013,,,,,,,
184,Mali,2014,35.6,35.6,35.6,35.6,35.6,35.6,35.6
184,Mali,2015,33.7,33.7,33.7,33.7,33.7,33.7,33.7
184,Mali,2016,32.3,32.3,32.3,32.3,32.3,32.3,32.3
184,Mali,2017,34,34,34,34,34,34,34
184,Mali,2018,31.2,31.2,31.2,31.2,31.2,31.2,31.2
28,Malta,2010,,,,,,,
28,Malta,2011,,,,,,,
28,Malta,2012,8.2,8.2,8.2,8.2,8.2,8.2,8.2
28,Malta,2013,8.3,8.3,8.3,8.3,8.3,8.3,8.3
28,Malta,2014,8.5,8.5,8.5,8.5,8.5,8.5,8.5
28,Malta,2015,8.1,8.1,8.1,8.1,8.1,8.1,8.1
28,Malta,2016,8.2,8.2,8.2,8.2,8.2,8.2,8.2
28,Malta,2017,8.3,8.3,8.3,8.3,8.3,8.3,8.3
28,Malta,2018,8,8,8,8,8,8,8
161,Mauritania,2010,35.2,35.2,35.2,35.2,35.2,35.2,35.2
161,Mauritania,2011,34.2,34.2,34.2,34.2,34.2,34.2,34.2
161,Mauritania,2012,34.5,34.5,34.5,34.5,34.5,34.5,34.5
161,Mauritania,2013,35.3,35.3,35.3,35.3,35.3,35.3,35.3
161,Mauritania,2014,33.4,33.4,33.4,33.4,33.4,33.4,33.4
161,Mauritania,2015,32.4,32.4,32.4,32.4,32.4,32.4,32.4
161,Mauritania,2016,33,33,33,33,33,33,33
161,Mauritania,2017,33,33,33,33,33,33,33
161,Mauritania,2018,32.1,32.1,32.1,32.1,32.1,32.1,32.1
66,Mauritius,2010,,,,,,,
66,Mauritius,2011,13.3,13.3,13.3,13.3,13.3,13.3,13.3
66,Mauritius,2012,13.3,13.3,13.3,13.3,13.3,13.3,13.3
66,Mauritius,2013,14.2,14.2,14.2,14.2,14.2,14.2,14.2
66,Mauritius,2014,14.2,14.2,14.2,14.2,14.2,14.2,14.2
66,Mauritius,2015,14.4,14.4,14.4,14.4,14.4,14.4,14.4
66,Mauritius,2016,14.1,14.1,14.1,14.1,14.1,14.1,14.1
66,Mauritius,2017,13.5,13.5,13.5,13.5,13.5,13.5,13.5
66,Mauritius,2018,13.6,13.6,13.6,13.6,13.6,13.6,13.6
76,Mexico,2010,21,21,21,21,21,21,21
76,Mexico,2011,23.5,23.5,23.5,23.5,23.5,23.5,23.5
76,Mexico,2012,23.5,23.5,23.5,23.5,23.5,23.5,23.5
76,Mexico,2013,22.9,22.9,22.9,22.9,22.9,22.9,22.9
76,Mexico,2014,22.4,22.4,22.4,22.4,22.4,22.4,22.4
76,Mexico,2015,22.9,22.9,22.9,22.9,22.9,22.9,22.9
76,Mexico,2016,21.8,21.8,21.8,21.8,21.8,21.8,21.8
76,Mexico,2017,21.2,21.2,21.2,21.2,21.2,21.2,21.2
76,Mexico,2018,22.5,22.5,22.5,22.5,22.5,22.5,22.5
135,Micronesia (Federated States of),2010,38.9,38.9,38.9,38.9,38.9,38.9,38.9
135,Micronesia (Federated States of),2011,38.6,38.6,38.6,38.6,38.6,38.6,38.6
135,Micronesia (Federated States of),2012,,,,,,,
135,Micronesia (Federated States of),2013,,,,,,,
135,Micronesia (Federated States of),2014,,,,,,,
135,Micronesia (Federated States of),2015,,,,,,,
135,Micronesia (Federated States of),2016,,,,,,,
135,Micronesia (Federated States of),2017,,,,,,,
135,Micronesia (Federated States of),2018,,,,,,,
107,Moldova (Republic of),2010,13.5,13.5,13.5,13.5,13.5,13.5,13.5
107,Moldova (Republic of),2011,12.2,12.2,12.2,12.2,12.2,12.2,12.2
107,Moldova (Republic of),2012,11.5,11.5,11.5,11.5,11.5,11.5,11.5
107,Moldova (Republic of),2013,12.2,12.2,12.2,12.2,12.2,12.2,12.2
107,Moldova (Republic of),2014,10.8,10.8,10.8,10.8,10.8,10.8,10.8
107,Moldova (Republic of),2015,10.1,10.1,10.1,10.1,10.1,10.1,10.1
107,Moldova (Republic of),2016,10.3,10.3,10.3,10.3,10.3,10.3,10.3
107,Moldova (Republic of),2017,10.3,10.3,10.3,10.3,10.3,10.3,10.3
107,Moldova (Republic of),2018,10.4,10.4,10.4,10.4,10.4,10.4,10.4
92,Mongolia,2010,15.2,15.2,15.2,15.2,15.2,15.2,15.2
92,Mongolia,2011,13.8,13.8,13.8,13.8,13.8,13.8,13.8
92,Mongolia,2012,15.9,15.9,15.9,15.9,15.9,15.9,15.9
92,Mongolia,2013,11.5,11.5,11.5,11.5,11.5,11.5,11.5
92,Mongolia,2014,12.8,12.8,12.8,12.8,12.8,12.8,12.8
92,Mongolia,2015,13,13,13,13,13,13,13
92,Mongolia,2016,13.7,13.7,13.7,13.7,13.7,13.7,13.7
92,Mongolia,2017,13.7,13.7,13.7,13.7,13.7,13.7,13.7
92,Mongolia,2018,13.6,13.6,13.6,13.6,13.6,13.6,13.6
52,Montenegro,2010,9.9,9.9,9.9,9.9,9.9,9.9,9.9
52,Montenegro,2011,6.9,6.9,6.9,6.9,6.9,6.9,6.9
52,Montenegro,2012,7.4,7.4,7.4,7.4,7.4,7.4,7.4
52,Montenegro,2013,7.2,7.2,7.2,7.2,7.2,7.2,7.2
52,Montenegro,2014,9.2,9.2,9.2,9.2,9.2,9.2,9.2
52,Montenegro,2015,8.8,8.8,8.8,8.8,8.8,8.8,8.8
52,Montenegro,2016,8.5,8.5,8.5,8.5,8.5,8.5,8.5
52,Montenegro,2017,8.9,8.9,8.9,8.9,8.9,8.9,8.9
52,Montenegro,2018,8.6,8.6,8.6,8.6,8.6,8.6,8.6
121,Morocco,2010,28.1,28.1,28.1,28.1,28.1,28.1,28.1
121,Morocco,2011,29.7,29.7,29.7,29.7,29.7,29.7,29.7
121,Morocco,2012,29.7,29.7,29.7,29.7,29.7,29.7,29.7
121,Morocco,2013,29.7,29.7,29.7,29.7,29.7,29.7,29.7
121,Morocco,2014,29.7,29.7,29.7,29.7,29.7,29.7,29.7
121,Morocco,2015,29.5,29.5,29.5,29.5,29.5,29.5,29.5
121,Morocco,2016,,,,,,,
121,Morocco,2017,,,,,,,
121,Morocco,2018,,,,,,,
180,Mozambique,2010,45.3,45.3,45.3,45.3,45.3,45.3,45.3
180,Mozambique,2011,28.9,28.9,28.9,28.9,28.9,28.9,28.9
180,Mozambique,2012,32.7,32.7,32.7,32.7,32.7,32.7,32.7
180,Mozambique,2013,29.5,29.5,29.5,29.5,29.5,29.5,29.5
180,Mozambique,2014,34.3,34.3,34.3,34.3,34.3,34.3,34.3
180,Mozambique,2015,33,33,33,33,33,33,33
180,Mozambique,2016,32.7,32.7,32.7,32.7,32.7,32.7,32.7
180,Mozambique,2017,32.7,32.7,32.7,32.7,32.7,32.7,32.7
180,Mozambique,2018,30.7,30.7,30.7,30.7,30.7,30.7,30.7
145,Myanmar,2010,,,,,,,
145,Myanmar,2011,,,,,,,
145,Myanmar,2012,,,,,,,
145,Myanmar,2013,,,,,,,
145,Myanmar,2014,,,,,,,
145,Myanmar,2015,,,,,,,
145,Myanmar,2016,,,,,,,
145,Myanmar,2017,19.4,19.4,19.4,19.4,19.4,19.4,19.4
145,Myanmar,2018,23.2,23.2,23.2,23.2,23.2,23.2,23.2
130,Namibia,2010,44.3,44.3,44.3,44.3,44.3,44.3,44.3
130,Namibia,2011,43.5,43.5,43.5,43.5,43.5,43.5,43.5
130,Namibia,2012,43.5,43.5,43.5,43.5,43.5,43.5,43.5
130,Namibia,2013,43.6,43.6,43.6,43.6,43.6,43.6,43.6
130,Namibia,2014,43.6,43.6,43.6,43.6,43.6,43.6,43.6
130,Namibia,2015,35.2,35.2,35.2,35.2,35.2,35.2,35.2
130,Namibia,2016,34.8,34.8,34.8,34.8,34.8,34.8,34.8
130,Namibia,2017,34.8,34.8,34.8,34.8,34.8,34.8,34.8
130,Namibia,2018,35.3,35.3,35.3,35.3,35.3,35.3,35.3
147,Nepal,2010,31.9,31.9,31.9,31.9,31.9,31.9,31.9
147,Nepal,2011,34.3,34.3,34.3,34.3,34.3,34.3,34.3
147,Nepal,2012,34.3,34.3,34.3,34.3,34.3,34.3,34.3
147,Nepal,2013,28.8,28.8,28.8,28.8,28.8,28.8,28.8
147,Nepal,2014,26.8,26.8,26.8,26.8,26.8,26.8,26.8
147,Nepal,2015,27.1,27.1,27.1,27.1,27.1,27.1,27.1
147,Nepal,2016,26.2,26.2,26.2,26.2,26.2,26.2,26.2
147,Nepal,2017,25.6,25.6,25.6,25.6,25.6,25.6,25.6
147,Nepal,2018,25.8,25.8,25.8,25.8,25.8,25.8,25.8
10,Netherlands,2010,8.1,8.1,8.1,8.1,8.1,8.1,8.1
10,Netherlands,2011,7,7,7,7,7,7,7
10,Netherlands,2012,6.9,6.9,6.9,6.9,6.9,6.9,6.9
10,Netherlands,2013,6.7,6.7,6.7,6.7,6.7,6.7,6.7
10,Netherlands,2014,6.6,6.6,6.6,6.6,6.6,6.6,6.6
10,Netherlands,2015,6.9,6.9,6.9,6.9,6.9,6.9,6.9
10,Netherlands,2016,7.4,7.4,7.4,7.4,7.4,7.4,7.4
10,Netherlands,2017,7.9,7.9,7.9,7.9,7.9,7.9,7.9
10,Netherlands,2018,6.8,6.8,6.8,6.8,6.8,6.8,6.8
14,New Zealand,2010,,,,,,,
14,New Zealand,2011,,,,,,,
14,New Zealand,2012,,,,,,,
14,New Zealand,2013,,,,,,,
14,New Zealand,2014,,,,,,,
14,New Zealand,2015,,,,,,,
14,New Zealand,2016,,,,,,,
14,New Zealand,2017,7.7,7.7,7.7,7.7,7.7,7.7,7.7
14,New Zealand,2018,9.2,9.2,9.2,9.2,9.2,9.2,9.2
126,Nicaragua,2010,24.6,24.6,24.6,24.6,24.6,24.6,24.6
126,Nicaragua,2011,27.5,27.5,27.5,27.5,27.5,27.5,27.5
126,Nicaragua,2012,27.5,27.5,27.5,27.5,27.5,27.5,27.5
126,Nicaragua,2013,26.4,26.4,26.4,26.4,26.4,26.4,26.4
126,Nicaragua,2014,24,24,24,24,24,24,24
126,Nicaragua,2015,25.8,25.8,25.8,25.8,25.8,25.8,25.8
126,Nicaragua,2016,24,24,24,24,24,24,24
126,Nicaragua,2017,22.9,22.9,22.9,22.9,22.9,22.9,22.9
126,Nicaragua,2018,23,23,23,23,23,23,23
189,Niger,2010,33.9,33.9,33.9,33.9,33.9,33.9,33.9
189,Niger,2011,34.2,34.2,34.2,34.2,34.2,34.2,34.2
189,Niger,2012,34.2,34.2,34.2,34.2,34.2,34.2,34.2
189,Niger,2013,32.4,32.4,32.4,32.4,32.4,32.4,32.4
189,Niger,2014,29.3,29.3,29.3,29.3,29.3,29.3,29.3
189,Niger,2015,28.3,28.3,28.3,28.3,28.3,28.3,28.3
189,Niger,2016,28.1,28.1,28.1,28.1,28.1,28.1,28.1
189,Niger,2017,29.3,29.3,29.3,29.3,29.3,29.3,29.3
189,Niger,2018,27.8,27.8,27.8,27.8,27.8,27.8,27.8
158,Nigeria,2010,41.7,41.7,41.7,41.7,41.7,41.7,41.7
158,Nigeria,2011,39.3,39.3,39.3,39.3,39.3,39.3,39.3
158,Nigeria,2012,41.4,41.4,41.4,41.4,41.4,41.4,41.4
158,Nigeria,2013,40.3,40.3,40.3,40.3,40.3,40.3,40.3
158,Nigeria,2014,37.8,37.8,37.8,37.8,37.8,37.8,37.8
158,Nigeria,2015,37.8,37.8,37.8,37.8,37.8,37.8,37.8
158,Nigeria,2016,36.9,36.9,36.9,36.9,36.9,36.9,36.9
158,Nigeria,2017,34.7,34.7,34.7,34.7,34.7,34.7,34.7
158,Nigeria,2018,34.6,34.6,34.6,34.6,34.6,34.6,34.6
82,North Macedonia,2010,16.7,16.7,16.7,16.7,16.7,16.7,16.7
82,North Macedonia,2011,16.4,16.4,16.4,16.4,16.4,16.4,16.4
82,North Macedonia,2012,14.7,14.7,14.7,14.7,14.7,14.7,14.7
82,North Macedonia,2013,13.6,13.6,13.6,13.6,13.6,13.6,13.6
82,North Macedonia,2014,16.7,16.7,16.7,16.7,16.7,16.7,16.7
82,North Macedonia,2015,16.7,16.7,16.7,16.7,16.7,16.7,16.7
82,North Macedonia,2016,16.4,16.4,16.4,16.4,16.4,16.4,16.4
82,North Macedonia,2017,12.6,12.6,12.6,12.6,12.6,12.6,12.6
82,North Macedonia,2018,13.1,13.1,13.1,13.1,13.1,13.1,13.1
1,Norway,2010,6.6,6.6,6.6,6.6,6.6,6.6,6.6
1,Norway,2011,5.6,5.6,5.6,5.6,5.6,5.6,5.6
1,Norway,2012,6.4,6.4,6.4,6.4,6.4,6.4,6.4
1,Norway,2013,5.6,5.6,5.6,5.6,5.6,5.6,5.6
1,Norway,2014,5.4,5.4,5.4,5.4,5.4,5.4,5.4
1,Norway,2015,5.4,5.4,5.4,5.4,5.4,5.4,5.4
1,Norway,2016,7.6,7.6,7.6,7.6,7.6,7.6,7.6
1,Norway,2017,8,8,8,8,8,8,8
1,Norway,2018,6.8,6.8,6.8,6.8,6.8,6.8,6.8
47,Oman,2010,,,,,,,
47,Oman,2011,,,,,,,
47,Oman,2012,,,,,,,
47,Oman,2013,,,,,,,
47,Oman,2014,,,,,,,
47,Oman,2015,,,,,,,
47,Oman,2016,,,,,,,
47,Oman,2017,,,,,,,
47,Oman,2018,12.2,12.2,12.2,12.2,12.2,12.2,12.2
152,Pakistan,2010,31.5,31.5,31.5,31.5,31.5,31.5,31.5
152,Pakistan,2011,31.4,31.4,31.4,31.4,31.4,31.4,31.4
152,Pakistan,2012,30.9,30.9,30.9,30.9,30.9,30.9,30.9
152,Pakistan,2013,30.1,30.1,30.1,30.1,30.1,30.1,30.1
152,Pakistan,2014,29.9,29.9,29.9,29.9,29.9,29.9,29.9
152,Pakistan,2015,30.9,30.9,30.9,30.9,30.9,30.9,30.9
152,Pakistan,2016,30.3,30.3,30.3,30.3,30.3,30.3,30.3
152,Pakistan,2017,31,31,31,31,31,31,31
152,Pakistan,2018,31.1,31.1,31.1,31.1,31.1,31.1,31.1
119,"Palestine, State of",2010,,,,,,,
119,"Palestine, State of",2011,,,,,,,
119,"Palestine, State of",2012,,,,,,,
119,"Palestine, State of",2013,11.7,11.7,11.7,11.7,11.7,11.7,11.7
119,"Palestine, State of",2014,14.9,14.9,14.9,14.9,14.9,14.9,14.9
119,"Palestine, State of",2015,15.1,15.1,15.1,15.1,15.1,15.1,15.1
119,"Palestine, State of",2016,14.7,14.7,14.7,14.7,14.7,14.7,14.7
119,"Palestine, State of",2017,15,15,15,15,15,15,15
119,"Palestine, State of",2018,13.5,13.5,13.5,13.5,13.5,13.5,13.5
67,Panama,2010,28.3,28.3,28.3,28.3,28.3,28.3,28.3
67,Panama,2011,24.6,24.6,24.6,24.6,24.6,24.6,24.6
67,Panama,2012,24.6,24.6,24.6,24.6,24.6,24.6,24.6
67,Panama,2013,22.1,22.1,22.1,22.1,22.1,22.1,22.1
67,Panama,2014,22.5,22.5,22.5,22.5,22.5,22.5,22.5
67,Panama,2015,22,22,22,22,22,22,22
67,Panama,2016,20.8,20.8,20.8,20.8,20.8,20.8,20.8
67,Panama,2017,21.1,21.1,21.1,21.1,21.1,21.1,21.1
67,Panama,2018,21.2,21.2,21.2,21.2,21.2,21.2,21.2
98,Paraguay,2010,24.6,24.6,24.6,24.6,24.6,24.6,24.6
98,Paraguay,2011,24,24,24,24,24,24,24
98,Paraguay,2012,,,,,,,
98,Paraguay,2013,24.1,24.1,24.1,24.1,24.1,24.1,24.1
98,Paraguay,2014,22.1,22.1,22.1,22.1,22.1,22.1,22.1
98,Paraguay,2015,24.3,24.3,24.3,24.3,24.3,24.3,24.3
98,Paraguay,2016,22.4,22.4,22.4,22.4,22.4,22.4,22.4
98,Paraguay,2017,25.5,25.5,25.5,25.5,25.5,25.5,25.5
98,Paraguay,2018,22.5,22.5,22.5,22.5,22.5,22.5,22.5
82,Peru,2010,30.6,30.6,30.6,30.6,30.6,30.6,30.6
82,Peru,2011,23.2,23.2,23.2,23.2,23.2,23.2,23.2
82,Peru,2012,24.3,24.3,24.3,24.3,24.3,24.3,24.3
82,Peru,2013,23.7,23.7,23.7,23.7,23.7,23.7,23.7
82,Peru,2014,23.4,23.4,23.4,23.4,23.4,23.4,23.4
82,Peru,2015,21.6,21.6,21.6,21.6,21.6,21.6,21.6
82,Peru,2016,20,20,20,20,20,20,20
82,Peru,2017,19.2,19.2,19.2,19.2,19.2,19.2,19.2
82,Peru,2018,19.4,19.4,19.4,19.4,19.4,19.4,19.4
106,Philippines,2010,18.9,18.9,18.9,18.9,18.9,18.9,18.9
106,Philippines,2011,19.9,19.9,19.9,19.9,19.9,19.9,19.9
106,Philippines,2012,19.9,19.9,19.9,19.9,19.9,19.9,19.9
106,Philippines,2013,18.1,18.1,18.1,18.1,18.1,18.1,18.1
106,Philippines,2014,18.1,18.1,18.1,18.1,18.1,18.1,18.1
106,Philippines,2015,18.5,18.5,18.5,18.5,18.5,18.5,18.5
106,Philippines,2016,17.9,17.9,17.9,17.9,17.9,17.9,17.9
106,Philippines,2017,17.9,17.9,17.9,17.9,17.9,17.9,17.9
106,Philippines,2018,18.2,18.2,18.2,18.2,18.2,18.2,18.2
32,Poland,2010,10.8,10.8,10.8,10.8,10.8,10.8,10.8
32,Poland,2011,9.7,9.7,9.7,9.7,9.7,9.7,9.7
32,Poland,2012,9.9,9.9,9.9,9.9,9.9,9.9,9.9
32,Poland,2013,9.9,9.9,9.9,9.9,9.9,9.9,9.9
32,Poland,2014,9.8,9.8,9.8,9.8,9.8,9.8,9.8
32,Poland,2015,9.5,9.5,9.5,9.5,9.5,9.5,9.5
32,Poland,2016,9.4,9.4,9.4,9.4,9.4,9.4,9.4
32,Poland,2017,9,9,9,9,9,9,9
32,Poland,2018,8.1,8.1,8.1,8.1,8.1,8.1,8.1
40,Portugal,2010,11.9,11.9,11.9,11.9,11.9,11.9,11.9
40,Portugal,2011,10.2,10.2,10.2,10.2,10.2,10.2,10.2
40,Portugal,2012,10.7,10.7,10.7,10.7,10.7,10.7,10.7
40,Portugal,2013,10.1,10.1,10.1,10.1,10.1,10.1,10.1
40,Portugal,2014,10.3,10.3,10.3,10.3,10.3,10.3,10.3
40,Portugal,2015,10.4,10.4,10.4,10.4,10.4,10.4,10.4
40,Portugal,2016,13.9,13.9,13.9,13.9,13.9,13.9,13.9
40,Portugal,2017,13.5,13.5,13.5,13.5,13.5,13.5,13.5
40,Portugal,2018,12.7,12.7,12.7,12.7,12.7,12.7,12.7
52,Romania,2010,12.1,12.1,12.1,12.1,12.1,12.1,12.1
52,Romania,2011,12.6,12.6,12.6,12.6,12.6,12.6,12.6
52,Romania,2012,12.6,12.6,12.6,12.6,12.6,12.6,12.6
52,Romania,2013,10.5,10.5,10.5,10.5,10.5,10.5,10.5
52,Romania,2014,10.4,10.4,10.4,10.4,10.4,10.4,10.4
52,Romania,2015,11.1,11.1,11.1,11.1,11.1,11.1,11.1
52,Romania,2016,11.7,11.7,11.7,11.7,11.7,11.7,11.7
52,Romania,2017,11.6,11.6,11.6,11.6,11.6,11.6,11.6
52,Romania,2018,11.1,11.1,11.1,11.1,11.1,11.1,11.1
49,Russian Federation,2010,11.5,11.5,11.5,11.5,11.5,11.5,11.5
49,Russian Federation,2011,11.3,11.3,11.3,11.3,11.3,11.3,11.3
49,Russian Federation,2012,,,,,,,
49,Russian Federation,2013,12,12,12,12,12,12,12
49,Russian Federation,2014,10.5,10.5,10.5,10.5,10.5,10.5,10.5
49,Russian Federation,2015,9.8,9.8,9.8,9.8,9.8,9.8,9.8
49,Russian Federation,2016,9.5,9.5,9.5,9.5,9.5,9.5,9.5
49,Russian Federation,2017,9.5,9.5,9.5,9.5,9.5,9.5,9.5
49,Russian Federation,2018,9.9,9.9,9.9,9.9,9.9,9.9,9.9
157,Rwanda,2010,37,37,37,37,37,37,37
157,Rwanda,2011,35.7,35.7,35.7,35.7,35.7,35.7,35.7
157,Rwanda,2012,33.9,33.9,33.9,33.9,33.9,33.9,33.9
157,Rwanda,2013,33.2,33.2,33.2,33.2,33.2,33.2,33.2
157,Rwanda,2014,31.6,31.6,31.6,31.6,31.6,31.6,31.6
157,Rwanda,2015,31.9,31.9,31.9,31.9,31.9,31.9,31.9
157,Rwanda,2016,30,30,30,30,30,30,30
157,Rwanda,2017,30,30,30,30,30,30,30
157,Rwanda,2018,28.7,28.7,28.7,28.7,28.7,28.7,28.7
89,Saint Lucia,2010,,,,,,,
89,Saint Lucia,2011,,,,,,,
89,Saint Lucia,2012,,,,,,,
89,Saint Lucia,2013,,,,,,,
89,Saint Lucia,2014,15.9,15.9,15.9,15.9,15.9,15.9,15.9
89,Saint Lucia,2015,16,16,16,16,16,16,16
89,Saint Lucia,2016,15.7,15.7,15.7,15.7,15.7,15.7,15.7
89,Saint Lucia,2017,16.7,16.7,16.7,16.7,16.7,16.7,16.7
89,Saint Lucia,2018,17.2,17.2,17.2,17.2,17.2,17.2,17.2
137,Sao Tome and Principe,2010,,,,,,,
137,Sao Tome and Principe,2011,31.5,31.5,31.5,31.5,31.5,31.5,31.5
137,Sao Tome and Principe,2012,31.8,31.8,31.8,31.8,31.8,31.8,31.8
137,Sao Tome and Principe,2013,31.2,31.2,31.2,31.2,31.2,31.2,31.2
137,Sao Tome and Principe,2014,24.7,24.7,24.7,24.7,24.7,24.7,24.7
137,Sao Tome and Principe,2015,24.7,24.7,24.7,24.7,24.7,24.7,24.7
137,Sao Tome and Principe,2016,19.8,19.8,19.8,19.8,19.8,19.8,19.8
137,Sao Tome and Principe,2017,19.8,19.8,19.8,19.8,19.8,19.8,19.8
137,Sao Tome and Principe,2018,16.8,16.8,16.8,16.8,16.8,16.8,16.8
166,Senegal,2010,36.2,36.2,36.2,36.2,36.2,36.2,36.2
166,Senegal,2011,33.8,33.8,33.8,33.8,33.8,33.8,33.8
166,Senegal,2012,33,33,33,33,33,33,33
166,Senegal,2013,32.9,32.9,32.9,32.9,32.9,32.9,32.9
166,Senegal,2014,34.4,34.4,34.4,34.4,34.4,34.4,34.4
166,Senegal,2015,33.1,33.1,33.1,33.1,33.1,33.1,33.1
166,Senegal,2016,31.9,31.9,31.9,31.9,31.9,31.9,31.9
166,Senegal,2017,32.7,32.7,32.7,32.7,32.7,32.7,32.7
166,Senegal,2018,32.5,32.5,32.5,32.5,32.5,32.5,32.5
63,Serbia,2010,10.8,10.8,10.8,10.8,10.8,10.8,10.8
63,Serbia,2011,9.5,9.5,9.5,9.5,9.5,9.5,9.5
63,Serbia,2012,9.5,9.5,9.5,9.5,9.5,9.5,9.5
63,Serbia,2013,10.9,10.9,10.9,10.9,10.9,10.9,10.9
63,Serbia,2014,10.1,10.1,10.1,10.1,10.1,10.1,10.1
63,Serbia,2015,11.2,11.2,11.2,11.2,11.2,11.2,11.2
63,Serbia,2016,14.9,14.9,14.9,14.9,14.9,14.9,14.9
63,Serbia,2017,15.3,15.3,15.3,15.3,15.3,15.3,15.3
63,Serbia,2018,11.1,11.1,11.1,11.1,11.1,11.1,11.1
181,Sierra Leone,2010,39.3,39.3,39.3,39.3,39.3,39.3,39.3
181,Sierra Leone,2011,41.7,41.7,41.7,41.7,41.7,41.7,41.7
181,Sierra Leone,2012,41.7,41.7,41.7,41.7,41.7,41.7,41.7
181,Sierra Leone,2013,44.3,44.3,44.3,44.3,44.3,44.3,44.3
181,Sierra Leone,2014,41.6,41.6,41.6,41.6,41.6,41.6,41.6
181,Sierra Leone,2015,37.8,37.8,37.8,37.8,37.8,37.8,37.8
181,Sierra Leone,2016,36.5,36.5,36.5,36.5,36.5,36.5,36.5
181,Sierra Leone,2017,36.5,36.5,36.5,36.5,36.5,36.5,36.5
181,Sierra Leone,2018,35.7,35.7,35.7,35.7,35.7,35.7,35.7
9,Singapore,2010,,,,,,,
9,Singapore,2011,,,,,,,
9,Singapore,2012,,,,,,,
9,Singapore,2013,,,,,,,
9,Singapore,2014,,,,,,,
9,Singapore,2015,,,,,,,
9,Singapore,2016,,,,,,,
9,Singapore,2017,12.5,12.5,12.5,12.5,12.5,12.5,12.5
9,Singapore,2018,13.3,13.3,13.3,13.3,13.3,13.3,13.3
36,Slovakia,2010,6.7,6.7,6.7,6.7,6.7,6.7,6.7
36,Slovakia,2011,5.7,5.7,5.7,5.7,5.7,5.7,5.7
36,Slovakia,2012,6.3,6.3,6.3,6.3,6.3,6.3,6.3
36,Slovakia,2013,6.3,6.3,6.3,6.3,6.3,6.3,6.3
36,Slovakia,2014,6.2,6.2,6.2,6.2,6.2,6.2,6.2
36,Slovakia,2015,6.1,6.1,6.1,6.1,6.1,6.1,6.1
36,Slovakia,2016,6.9,6.9,6.9,6.9,6.9,6.9,6.9
36,Slovakia,2017,6.8,6.8,6.8,6.8,6.8,6.8,6.8
36,Slovakia,2018,6.2,6.2,6.2,6.2,6.2,6.2,6.2
24,Slovenia,2010,6.9,6.9,6.9,6.9,6.9,6.9,6.9
24,Slovenia,2011,5.3,5.3,5.3,5.3,5.3,5.3,5.3
24,Slovenia,2012,5.8,5.8,5.8,5.8,5.8,5.8,5.8
24,Slovenia,2013,5.8,5.8,5.8,5.8,5.8,5.8,5.8
24,Slovenia,2014,5.9,5.9,5.9,5.9,5.9,5.9,5.9
24,Slovenia,2015,5.9,5.9,5.9,5.9,5.9,5.9,5.9
24,Slovenia,2016,5.6,5.6,5.6,5.6,5.6,5.6,5.6
24,Slovenia,2017,5.6,5.6,5.6,5.6,5.6,5.6,5.6
24,Slovenia,2018,4.8,4.8,4.8,4.8,4.8,4.8,4.8
153,Solomon Islands,2010,,,,,,,
153,Solomon Islands,2011,,,,,,,
153,Solomon Islands,2012,,,,,,,
153,Solomon Islands,2013,23.8,23.8,23.8,23.8,23.8,23.8,23.8
153,Solomon Islands,2014,23.8,23.8,23.8,23.8,23.8,23.8,23.8
153,Solomon Islands,2015,23.8,23.8,23.8,23.8,23.8,23.8,23.8
153,Solomon Islands,2016,,,,,,,
153,Solomon Islands,2017,,,,,,,
153,Solomon Islands,2018,,,,,,,
113,South Africa,2010,31.1,31.1,31.1,31.1,31.1,31.1,31.1
113,South Africa,2011,,,,,,,
113,South Africa,2012,,,,,,,
113,South Africa,2013,,,,,,,
113,South Africa,2014,35.7,35.7,35.7,35.7,35.7,35.7,35.7
113,South Africa,2015,34.7,34.7,34.7,34.7,34.7,34.7,34.7
113,South Africa,2016,33.2,33.2,33.2,33.2,33.2,33.2,33.2
113,South Africa,2017,33.2,33.2,33.2,33.2,33.2,33.2,33.2
113,South Africa,2018,34.4,34.4,34.4,34.4,34.4,34.4,34.4
186,South Sudan,2010,,,,,,,
186,South Sudan,2011,,,,,,,
186,South Sudan,2012,,,,,,,
186,South Sudan,2013,,,,,,,
186,South Sudan,2014,,,,,,,
186,South Sudan,2015,,,,,,,
186,South Sudan,2016,,,,,,,
186,South Sudan,2017,36.4,36.4,36.4,36.4,36.4,36.4,36.4
186,South Sudan,2018,36.1,36.1,36.1,36.1,36.1,36.1,36.1
25,Spain,2010,9.8,9.8,9.8,9.8,9.8,9.8,9.8
25,Spain,2011,8.9,8.9,8.9,8.9,8.9,8.9,8.9
25,Spain,2012,10.1,10.1,10.1,10.1,10.1,10.1,10.1
25,Spain,2013,10.9,10.9,10.9,10.9,10.9,10.9,10.9
25,Spain,2014,11.5,11.5,11.5,11.5,11.5,11.5,11.5
25,Spain,2015,10.5,10.5,10.5,10.5,10.5,10.5,10.5
25,Spain,2016,15.6,15.6,15.6,15.6,15.6,15.6,15.6
25,Spain,2017,15.4,15.4,15.4,15.4,15.4,15.4,15.4
25,Spain,2018,14.3,14.3,14.3,14.3,14.3,14.3,14.3
71,Sri Lanka,2010,17.1,17.1,17.1,17.1,17.1,17.1,17.1
71,Sri Lanka,2011,16.2,16.2,16.2,16.2,16.2,16.2,16.2
71,Sri Lanka,2012,15.1,15.1,15.1,15.1,15.1,15.1,15.1
71,Sri Lanka,2013,14.3,14.3,14.3,14.3,14.3,14.3,14.3
71,Sri Lanka,2014,11.6,11.6,11.6,11.6,11.6,11.6,11.6
71,Sri Lanka,2015,11.6,11.6,11.6,11.6,11.6,11.6,11.6
71,Sri Lanka,2016,11.3,11.3,11.3,11.3,11.3,11.3,11.3
71,Sri Lanka,2017,13.8,13.8,13.8,13.8,13.8,13.8,13.8
71,Sri Lanka,2018,12.1,12.1,12.1,12.1,12.1,12.1,12.1
168,Sudan,2010,,,,,,,
168,Sudan,2011,,,,,,,
168,Sudan,2012,,,,,,,
168,Sudan,2013,,,,,,,
168,Sudan,2014,,,,,,,
168,Sudan,2015,,,,,,,
168,Sudan,2016,36.2,36.2,36.2,36.2,36.2,36.2,36.2
168,Sudan,2017,34.8,34.8,34.8,34.8,34.8,34.8,34.8
168,Sudan,2018,34.6,34.6,34.6,34.6,34.6,34.6,34.6
98,Suriname,2010,24.3,24.3,24.3,24.3,24.3,24.3,24.3
98,Suriname,2011,23.8,23.8,23.8,23.8,23.8,23.8,23.8
98,Suriname,2012,23,23,23,23,23,23,23
98,Suriname,2013,24.2,24.2,24.2,24.2,24.2,24.2,24.2
98,Suriname,2014,24,24,24,24,24,24,24
98,Suriname,2015,24,24,24,24,24,24,24
98,Suriname,2016,22.5,22.5,22.5,22.5,22.5,22.5,22.5
98,Suriname,2017,22.6,22.6,22.6,22.6,22.6,22.6,22.6
98,Suriname,2018,22.7,22.7,22.7,22.7,22.7,22.7,22.7
8,Sweden,2010,6.9,6.9,6.9,6.9,6.9,6.9,6.9
8,Sweden,2011,5.9,5.9,5.9,5.9,5.9,5.9,5.9
8,Sweden,2012,6.2,6.2,6.2,6.2,6.2,6.2,6.2
8,Sweden,2013,6.5,6.5,6.5,6.5,6.5,6.5,6.5
8,Sweden,2014,6.7,6.7,6.7,6.7,6.7,6.7,6.7
8,Sweden,2015,6.7,6.7,6.7,6.7,6.7,6.7,6.7
8,Sweden,2016,7.1,7.1,7.1,7.1,7.1,7.1,7.1
8,Sweden,2017,7.4,7.4,7.4,7.4,7.4,7.4,7.4
8,Sweden,2018,6.7,6.7,6.7,6.7,6.7,6.7,6.7
2,Switzerland,2010,7.1,7.1,7.1,7.1,7.1,7.1,7.1
2,Switzerland,2011,7,7,7,7,7,7,7
2,Switzerland,2012,7,7,7,7,7,7,7
2,Switzerland,2013,7.7,7.7,7.7,7.7,7.7,7.7,7.7
2,Switzerland,2014,7.4,7.4,7.4,7.4,7.4,7.4,7.4
2,Switzerland,2015,8.6,8.6,8.6,8.6,8.6,8.6,8.6
2,Switzerland,2016,7.8,7.8,7.8,7.8,7.8,7.8,7.8
2,Switzerland,2017,7.8,7.8,7.8,7.8,7.8,7.8,7.8
2,Switzerland,2018,6.8,6.8,6.8,6.8,6.8,6.8,6.8
154,Syrian Arab Republic,2010,20.8,20.8,20.8,20.8,20.8,20.8,20.8
154,Syrian Arab Republic,2011,20.4,20.4,20.4,20.4,20.4,20.4,20.4
154,Syrian Arab Republic,2012,20.4,20.4,20.4,20.4,20.4,20.4,20.4
154,Syrian Arab Republic,2013,21.2,21.2,21.2,21.2,21.2,21.2,21.2
154,Syrian Arab Republic,2014,21.2,21.2,21.2,21.2,21.2,21.2,21.2
154,Syrian Arab Republic,2015,21.8,21.8,21.8,21.8,21.8,21.8,21.8
154,Syrian Arab Republic,2016,21.3,21.3,21.3,21.3,21.3,21.3,21.3
154,Syrian Arab Republic,2017,,,,,,,
154,Syrian Arab Republic,2018,,,,,,,
125,Tajikistan,2010,19.1,19.1,19.1,19.1,19.1,19.1,19.1
125,Tajikistan,2011,17.6,17.6,17.6,17.6,17.6,17.6,17.6
125,Tajikistan,2012,18.4,18.4,18.4,18.4,18.4,18.4,18.4
125,Tajikistan,2013,19.2,19.2,19.2,19.2,19.2,19.2,19.2
125,Tajikistan,2014,17.5,17.5,17.5,17.5,17.5,17.5,17.5
125,Tajikistan,2015,15.2,15.2,15.2,15.2,15.2,15.2,15.2
125,Tajikistan,2016,14,14,14,14,14,14,14
125,Tajikistan,2017,13.5,13.5,13.5,13.5,13.5,13.5,13.5
125,Tajikistan,2018,12.5,12.5,12.5,12.5,12.5,12.5,12.5
159,Tanzania (United Republic of),2010,28.4,28.4,28.4,28.4,28.4,28.4,28.4
159,Tanzania (United Republic of),2011,28.8,28.8,28.8,28.8,28.8,28.8,28.8
159,Tanzania (United Republic of),2012,27.4,27.4,27.4,27.4,27.4,27.4,27.4
159,Tanzania (United Republic of),2013,27.1,27.1,27.1,27.1,27.1,27.1,27.1
159,Tanzania (United Republic of),2014,27.3,27.3,27.3,27.3,27.3,27.3,27.3
159,Tanzania (United Republic of),2015,25.4,25.4,25.4,25.4,25.4,25.4,25.4
159,Tanzania (United Republic of),2016,24.9,24.9,24.9,24.9,24.9,24.9,24.9
159,Tanzania (United Republic of),2017,24.8,24.8,24.8,24.8,24.8,24.8,24.8
159,Tanzania (United Republic of),2018,24.9,24.9,24.9,24.9,24.9,24.9,24.9
77,Thailand,2010,21.2,21.2,21.2,21.2,21.2,21.2,21.2
77,Thailand,2011,21.3,21.3,21.3,21.3,21.3,21.3,21.3
77,Thailand,2012,21.3,21.3,21.3,21.3,21.3,21.3,21.3
77,Thailand,2013,20.7,20.7,20.7,20.7,20.7,20.7,20.7
77,Thailand,2014,20.7,20.7,20.7,20.7,20.7,20.7,20.7
77,Thailand,2015,20.8,20.8,20.8,20.8,20.8,20.8,20.8
77,Thailand,2016,16.8,16.8,16.8,16.8,16.8,16.8,16.8
77,Thailand,2017,15.7,15.7,15.7,15.7,15.7,15.7,15.7
77,Thailand,2018,17,17,17,17,17,17,17
131,Timor-Leste,2010,33.4,33.4,33.4,33.4,33.4,33.4,33.4
131,Timor-Leste,2011,32.9,32.9,32.9,32.9,32.9,32.9,32.9
131,Timor-Leste,2012,33,33,33,33,33,33,33
131,Timor-Leste,2013,30.7,30.7,30.7,30.7,30.7,30.7,30.7
131,Timor-Leste,2014,30.7,30.7,30.7,30.7,30.7,30.7,30.7
131,Timor-Leste,2015,31.2,31.2,31.2,31.2,31.2,31.2,31.2
131,Timor-Leste,2016,30.1,30.1,30.1,30.1,30.1,30.1,30.1
131,Timor-Leste,2017,27.7,27.7,27.7,27.7,27.7,27.7,27.7
131,Timor-Leste,2018,28,28,28,28,28,28,28
167,Togo,2010,32.9,32.9,32.9,32.9,32.9,32.9,32.9
167,Togo,2011,33.5,33.5,33.5,33.5,33.5,33.5,33.5
167,Togo,2012,33.5,33.5,33.5,33.5,33.5,33.5,33.5
167,Togo,2013,32.9,32.9,32.9,32.9,32.9,32.9,32.9
167,Togo,2014,33.4,33.4,33.4,33.4,33.4,33.4,33.4
167,Togo,2015,31.9,31.9,31.9,31.9,31.9,31.9,31.9
167,Togo,2016,31.2,31.2,31.2,31.2,31.2,31.2,31.2
167,Togo,2017,31.7,31.7,31.7,31.7,31.7,31.7,31.7
167,Togo,2018,31.7,31.7,31.7,31.7,31.7,31.7,31.7
63,Trinidad and Tobago,2010,15.5,15.5,15.5,15.5,15.5,15.5,15.5
63,Trinidad and Tobago,2011,15.3,15.3,15.3,15.3,15.3,15.3,15.3
63,Trinidad and Tobago,2012,15.3,15.3,15.3,15.3,15.3,15.3,15.3
63,Trinidad and Tobago,2013,15.2,15.2,15.2,15.2,15.2,15.2,15.2
63,Trinidad and Tobago,2014,15.2,15.2,15.2,15.2,15.2,15.2,15.2
63,Trinidad and Tobago,2015,15.3,15.3,15.3,15.3,15.3,15.3,15.3
63,Trinidad and Tobago,2016,14.9,14.9,14.9,14.9,14.9,14.9,14.9
63,Trinidad and Tobago,2017,,,,,,,
63,Trinidad and Tobago,2018,,,,,,,
91,Tunisia,2010,25.2,25.2,25.2,25.2,25.2,25.2,25.2
91,Tunisia,2011,25.2,25.2,25.2,25.2,25.2,25.2,25.2
91,Tunisia,2012,,,,,,,
91,Tunisia,2013,,,,,,,
91,Tunisia,2014,22,22,22,22,22,22,22
91,Tunisia,2015,22.5,22.5,22.5,22.5,22.5,22.5,22.5
91,Tunisia,2016,22,22,22,22,22,22,22
91,Tunisia,2017,22.1,22.1,22.1,22.1,22.1,22.1,22.1
91,Tunisia,2018,20.9,20.9,20.9,20.9,20.9,20.9,20.9
59,Turkey,2010,23.6,23.6,23.6,23.6,23.6,23.6,23.6
59,Turkey,2011,22.5,22.5,22.5,22.5,22.5,22.5,22.5
59,Turkey,2012,22.5,22.5,22.5,22.5,22.5,22.5,22.5
59,Turkey,2013,15.8,15.8,15.8,15.8,15.8,15.8,15.8
59,Turkey,2014,15.8,15.8,15.8,15.8,15.8,15.8,15.8
59,Turkey,2015,15.9,15.9,15.9,15.9,15.9,15.9,15.9
59,Turkey,2016,15.4,15.4,15.4,15.4,15.4,15.4,15.4
59,Turkey,2017,15.4,15.4,15.4,15.4,15.4,15.4,15.4
59,Turkey,2018,16.2,16.2,16.2,16.2,16.2,16.2,16.2
108,Turkmenistan,2010,26.4,26.4,26.4,26.4,26.4,26.4,26.4
108,Turkmenistan,2011,,,,,,,
108,Turkmenistan,2012,,,,,,,
108,Turkmenistan,2013,,,,,,,
108,Turkmenistan,2014,,,,,,,
108,Turkmenistan,2015,,,,,,,
108,Turkmenistan,2016,18.5,18.5,18.5,18.5,18.5,18.5,18.5
108,Turkmenistan,2017,18.5,18.5,18.5,18.5,18.5,18.5,18.5
108,Turkmenistan,2018,18.5,18.5,18.5,18.5,18.5,18.5,18.5
159,Uganda,2010,32.1,32.1,32.1,32.1,32.1,32.1,32.1
159,Uganda,2011,33.6,33.6,33.6,33.6,33.6,33.6,33.6
159,Uganda,2012,33.6,33.6,33.6,33.6,33.6,33.6,33.6
159,Uganda,2013,30.8,30.8,30.8,30.8,30.8,30.8,30.8
159,Uganda,2014,30.2,30.2,30.2,30.2,30.2,30.2,30.2
159,Uganda,2015,30.9,30.9,30.9,30.9,30.9,30.9,30.9
159,Uganda,2016,29.8,29.8,29.8,29.8,29.8,29.8,29.8
159,Uganda,2017,28.3,28.3,28.3,28.3,28.3,28.3,28.3
159,Uganda,2018,26.7,26.7,26.7,26.7,26.7,26.7,26.7
88,Ukraine,2010,8.1,8.1,8.1,8.1,8.1,8.1,8.1
88,Ukraine,2011,9.2,9.2,9.2,9.2,9.2,9.2,9.2
88,Ukraine,2012,9.2,9.2,9.2,9.2,9.2,9.2,9.2
88,Ukraine,2013,9.2,9.2,9.2,9.2,9.2,9.2,9.2
88,Ukraine,2014,7.8,7.8,7.8,7.8,7.8,7.8,7.8
88,Ukraine,2015,7.2,7.2,7.2,7.2,7.2,7.2,7.2
88,Ukraine,2016,6.8,6.8,6.8,6.8,6.8,6.8,6.8
88,Ukraine,2017,6.6,6.6,6.6,6.6,6.6,6.6,6.6
88,Ukraine,2018,6.5,6.5,6.5,6.5,6.5,6.5,6.5
15,United Kingdom,2010,9.7,9.7,9.7,9.7,9.7,9.7,9.7
15,United Kingdom,2011,8.3,8.3,8.3,8.3,8.3,8.3,8.3
15,United Kingdom,2012,8.3,8.3,8.3,8.3,8.3,8.3,8.3
15,United Kingdom,2013,8.9,8.9,8.9,8.9,8.9,8.9,8.9
15,United Kingdom,2014,8.6,8.6,8.6,8.6,8.6,8.6,8.6
15,United Kingdom,2015,8,8,8,8,8,8,8
15,United Kingdom,2016,10.5,10.5,10.5,10.5,10.5,10.5,10.5
15,United Kingdom,2017,9.4,9.4,9.4,9.4,9.4,9.4,9.4
15,United Kingdom,2018,8.2,8.2,8.2,8.2,8.2,8.2,8.2
15,United States,2010,11.4,11.4,11.4,11.4,11.4,11.4,11.4
15,United States,2011,15.3,15.3,15.3,15.3,15.3,15.3,15.3
15,United States,2012,12.4,12.4,12.4,12.4,12.4,12.4,12.4
15,United States,2013,17.4,17.4,17.4,17.4,17.4,17.4,17.4
15,United States,2014,17,17,17,17,17,17,17
15,United States,2015,13.5,13.5,13.5,13.5,13.5,13.5,13.5
15,United States,2016,13.3,13.3,13.3,13.3,13.3,13.3,13.3
15,United States,2017,13.8,13.8,13.8,13.8,13.8,13.8,13.8
15,United States,2018,13.4,13.4,13.4,13.4,13.4,13.4,13.4
57,Uruguay,2010,16.1,16.1,16.1,16.1,16.1,16.1,16.1
57,Uruguay,2011,16.4,16.4,16.4,16.4,16.4,16.4,16.4
57,Uruguay,2012,16.4,16.4,16.4,16.4,16.4,16.4,16.4
57,Uruguay,2013,16.1,16.1,16.1,16.1,16.1,16.1,16.1
57,Uruguay,2014,14.5,14.5,14.5,14.5,14.5,14.5,14.5
57,Uruguay,2015,15.7,15.7,15.7,15.7,15.7,15.7,15.7
57,Uruguay,2016,14.7,14.7,14.7,14.7,14.7,14.7,14.7
57,Uruguay,2017,14.3,14.3,14.3,14.3,14.3,14.3,14.3
57,Uruguay,2018,13,13,13,13,13,13,13
108,Uzbekistan,2010,15.7,15.7,15.7,15.7,15.7,15.7,15.7
108,Uzbekistan,2011,15.1,15.1,15.1,15.1,15.1,15.1,15.1
108,Uzbekistan,2012,15.8,15.8,15.8,15.8,15.8,15.8,15.8
108,Uzbekistan,2013,15.8,15.8,15.8,15.8,15.8,15.8,15.8
108,Uzbekistan,2014,15.8,15.8,15.8,15.8,15.8,15.8,15.8
108,Uzbekistan,2015,15.8,15.8,15.8,15.8,15.8,15.8,15.8
108,Uzbekistan,2016,13.2,13.2,13.2,13.2,13.2,13.2,13.2
108,Uzbekistan,2017,,,,,,,
108,Uzbekistan,2018,,,,,,,
141,Vanuatu,2010,,,,,,,
141,Vanuatu,2011,,,,,,,
141,Vanuatu,2012,,,,,,,
141,Vanuatu,2013,,,,,,,
141,Vanuatu,2014,17.1,17.1,17.1,17.1,17.1,17.1,17.1
141,Vanuatu,2015,17.2,17.2,17.2,17.2,17.2,17.2,17.2
141,Vanuatu,2016,16.7,16.7,16.7,16.7,16.7,16.7,16.7
141,Vanuatu,2017,17.1,17.1,17.1,17.1,17.1,17.1,17.1
141,Vanuatu,2018,,,,,,,
96,Venezuela (Bolivarian Republic of),2010,21.2,21.2,21.2,21.2,21.2,21.2,21.2
96,Venezuela (Bolivarian Republic of),2011,26.6,26.6,26.6,26.6,26.6,26.6,26.6
96,Venezuela (Bolivarian Republic of),2012,26.6,26.6,26.6,26.6,26.6,26.6,26.6
96,Venezuela (Bolivarian Republic of),2013,19.7,19.7,19.7,19.7,19.7,19.7,19.7
96,Venezuela (Bolivarian Republic of),2014,19.7,19.7,19.7,19.7,19.7,19.7,19.7
96,Venezuela (Bolivarian Republic of),2015,19.4,19.4,19.4,19.4,19.4,19.4,19.4
96,Venezuela (Bolivarian Republic of),2016,18.2,18.2,18.2,18.2,18.2,18.2,18.2
96,Venezuela (Bolivarian Republic of),2017,16.5,16.5,16.5,16.5,16.5,16.5,16.5
96,Venezuela (Bolivarian Republic of),2018,17.3,17.3,17.3,17.3,17.3,17.3,17.3
118,Viet Nam,2010,16.4,16.4,16.4,16.4,16.4,16.4,16.4
118,Viet Nam,2011,14,14,14,14,14,14,14
118,Viet Nam,2012,14,14,14,14,14,14,14
118,Viet Nam,2013,14.9,14.9,14.9,14.9,14.9,14.9,14.9
118,Viet Nam,2014,17.5,17.5,17.5,17.5,17.5,17.5,17.5
118,Viet Nam,2015,17.8,17.8,17.8,17.8,17.8,17.8,17.8
118,Viet Nam,2016,17.3,17.3,17.3,17.3,17.3,17.3,17.3
118,Viet Nam,2017,17.3,17.3,17.3,17.3,17.3,17.3,17.3
118,Viet Nam,2018,16.3,16.3,16.3,16.3,16.3,16.3,16.3
177,Yemen,2010,34.2,34.2,34.2,34.2,34.2,34.2,34.2
177,Yemen,2011,32.3,32.3,32.3,32.3,32.3,32.3,32.3
177,Yemen,2012,32.3,32.3,32.3,32.3,32.3,32.3,32.3
177,Yemen,2013,32.8,32.8,32.8,32.8,32.8,32.8,32.8
177,Yemen,2014,34,34,34,34,34,34,34
177,Yemen,2015,33.7,33.7,33.7,33.7,33.7,33.7,33.7
177,Yemen,2016,31.5,31.5,31.5,31.5,31.5,31.5,31.5
177,Yemen,2017,31.8,31.8,31.8,31.8,31.8,31.8,31.8
177,Yemen,2018,31.8,31.8,31.8,31.8,31.8,31.8,31.8
143,Zambia,2010,31.5,31.5,31.5,31.5,31.5,31.5,31.5
143,Zambia,2011,29.5,29.5,29.5,29.5,29.5,29.5,29.5
143,Zambia,2012,36.7,36.7,36.7,36.7,36.7,36.7,36.7
143,Zambia,2013,35,35,35,35,35,35,35
143,Zambia,2014,34.4,34.4,34.4,34.4,34.4,34.4,34.4
143,Zambia,2015,35.6,35.6,35.6,35.6,35.6,35.6,35.6
143,Zambia,2016,34.1,34.1,34.1,34.1,34.1,34.1,34.1
143,Zambia,2017,34.1,34.1,34.1,34.1,34.1,34.1,34.1
143,Zambia,2018,33.4,33.4,33.4,33.4,33.4,33.4,33.4
150,Zimbabwe,2010,29.9,29.9,29.9,29.9,29.9,29.9,29.9
150,Zimbabwe,2011,28.7,28.7,28.7,28.7,28.7,28.7,28.7
150,Zimbabwe,2012,28.5,28.5,28.5,28.5,28.5,28.5,28.5
150,Zimbabwe,2013,27.2,27.2,27.2,27.2,27.2,27.2,27.2
150,Zimbabwe,2014,27.1,27.1,27.1,27.1,27.1,27.1,27.1
150,Zimbabwe,2015,28.6,28.6,28.6,28.6,28.6,28.6,28.6
150,Zimbabwe,2016,23.6,23.6,23.6,23.6,23.6,23.6,23.6
150,Zimbabwe,2017,23.6,23.6,23.6,23.6,23.6,23.6,23.6
150,Zimbabwe,2018,22.8,22.8,22.8,22.8,22.8,22.8,22.8
36,Andorra,2010,,,,,,,
36,Andorra,2011,,,,,,,
36,Andorra,2012,,,,,,,
36,Andorra,2013,,,,,,,
36,Andorra,2014,,,,,,,
36,Andorra,2015,,,,,,,
36,Andorra,2016,,,,,,,
36,Andorra,2017,,,,,,,
36,Andorra,2018,,,,,,,
35,United Arab Emirates,2010,,,,,,,
35,United Arab Emirates,2011,,,,,,,
35,United Arab Emirates,2012,,,,,,,
35,United Arab Emirates,2013,,,,,,,
35,United Arab Emirates,2014,,,,,,,
35,United Arab Emirates,2015,,,,,,,
35,United Arab Emirates,2016,,,,,,,
35,United Arab Emirates,2017,,,,,,,
35,United Arab Emirates,2018,,,,,,,
74,Antigua and Barbuda,2010,,,,,,,
74,Antigua and Barbuda,2011,,,,,,,
74,Antigua and Barbuda,2012,,,,,,,
74,Antigua and Barbuda,2013,,,,,,,
74,Antigua and Barbuda,2014,,,,,,,
74,Antigua and Barbuda,2015,,,,,,,
74,Antigua and Barbuda,2016,,,,,,,
74,Antigua and Barbuda,2017,,,,,,,
74,Antigua and Barbuda,2018,,,,,,,
45,Bahrain,2010,,,,,,,
45,Bahrain,2011,,,,,,,
45,Bahrain,2012,,,,,,,
45,Bahrain,2013,,,,,,,
45,Bahrain,2014,,,,,,,
45,Bahrain,2015,,,,,,,
45,Bahrain,2016,,,,,,,
45,Bahrain,2017,,,,,,,
45,Bahrain,2018,,,,,,,
43,Brunei Darussalam,2010,,,,,,,
43,Brunei Darussalam,2011,,,,,,,
43,Brunei Darussalam,2012,,,,,,,
43,Brunei Darussalam,2013,,,,,,,
43,Brunei Darussalam,2014,,,,,,,
43,Brunei Darussalam,2015,,,,,,,
43,Brunei Darussalam,2016,,,,,,,
43,Brunei Darussalam,2017,,,,,,,
43,Brunei Darussalam,2018,,,,,,,
72,Cuba,2010,,,,,,,
72,Cuba,2011,,,,,,,
72,Cuba,2012,,,,,,,
72,Cuba,2013,,,,,,,
72,Cuba,2014,,,,,,,
72,Cuba,2015,,,,,,,
72,Cuba,2016,,,,,,,
72,Cuba,2017,,,,,,,
72,Cuba,2018,,,,,,,
98,Dominica,2010,,,,,,,
98,Dominica,2011,,,,,,,
98,Dominica,2012,,,,,,,
98,Dominica,2013,,,,,,,
98,Dominica,2014,,,,,,,
98,Dominica,2015,,,,,,,
98,Dominica,2016,,,,,,,
98,Dominica,2017,,,,,,,
98,Dominica,2018,,,,,,,
182,Eritrea,2010,,,,,,,
182,Eritrea,2011,,,,,,,
182,Eritrea,2012,,,,,,,
182,Eritrea,2013,,,,,,,
182,Eritrea,2014,,,,,,,
182,Eritrea,2015,,,,,,,
182,Eritrea,2016,,,,,,,
182,Eritrea,2017,,,,,,,
182,Eritrea,2018,,,,,,,
144,Equatorial Guinea,2010,,,,,,,
144,Equatorial Guinea,2011,,,,,,,
144,Equatorial Guinea,2012,,,,,,,
144,Equatorial Guinea,2013,,,,,,,
144,Equatorial Guinea,2014,,,,,,,
144,Equatorial Guinea,2015,,,,,,,
144,Equatorial Guinea,2016,,,,,,,
144,Equatorial Guinea,2017,,,,,,,
144,Equatorial Guinea,2018,,,,,,,
78,Grenada,2010,,,,,,,
78,Grenada,2011,,,,,,,
78,Grenada,2012,,,,,,,
78,Grenada,2013,,,,,,,
78,Grenada,2014,,,,,,,
78,Grenada,2015,,,,,,,
78,Grenada,2016,,,,,,,
78,Grenada,2017,,,,,,,
78,Grenada,2018,,,,,,,
73,Saint Kitts and Nevis,2010,,,,,,,
73,Saint Kitts and Nevis,2011,,,,,,,
73,Saint Kitts and Nevis,2012,,,,,,,
73,Saint Kitts and Nevis,2013,,,,,,,
73,Saint Kitts and Nevis,2014,,,,,,,
73,Saint Kitts and Nevis,2015,,,,,,,
73,Saint Kitts and Nevis,2016,,,,,,,
73,Saint Kitts and Nevis,2017,,,,,,,
73,Saint Kitts and Nevis,2018,,,,,,,
57,Kuwait,2010,,,,,,,
57,Kuwait,2011,,,,,,,
57,Kuwait,2012,,,,,,,
57,Kuwait,2013,,,,,,,
57,Kuwait,2014,,,,,,,
57,Kuwait,2015,,,,,,,
57,Kuwait,2016,,,,,,,
57,Kuwait,2017,,,,,,,
57,Kuwait,2018,,,,,,,
110,Libya,2010,,,,,,,
110,Libya,2011,,,,,,,
110,Libya,2012,,,,,,,
110,Libya,2013,,,,,,,
110,Libya,2014,,,,,,,
110,Libya,2015,,,,,,,
110,Libya,2016,,,,,,,
110,Libya,2017,,,,,,,
110,Libya,2018,,,,,,,
18,Liechtenstein,2010,,,,,,,
18,Liechtenstein,2011,,,,,,,
18,Liechtenstein,2012,,,,,,,
18,Liechtenstein,2013,,,,,,,
18,Liechtenstein,2014,,,,,,,
18,Liechtenstein,2015,,,,,,,
18,Liechtenstein,2016,,,,,,,
18,Liechtenstein,2017,,,,,,,
18,Liechtenstein,2018,,,,,,,
117,Marshall Islands,2010,,,,,,,
117,Marshall Islands,2011,,,,,,,
117,Marshall Islands,2012,,,,,,,
117,Marshall Islands,2013,,,,,,,
117,Marshall Islands,2014,,,,,,,
117,Marshall Islands,2015,,,,,,,
117,Marshall Islands,2016,,,,,,,
117,Marshall Islands,2017,,,,,,,
117,Marshall Islands,2018,,,,,,,
61,Malaysia,2010,,,,,,,
61,Malaysia,2011,,,,,,,
61,Malaysia,2012,,,,,,,
61,Malaysia,2013,,,,,,,
61,Malaysia,2014,,,,,,,
61,Malaysia,2015,,,,,,,
61,Malaysia,2016,,,,,,,
61,Malaysia,2017,,,,,,,
61,Malaysia,2018,,,,,,,
55,Palau,2010,,,,,,,
55,Palau,2011,,,,,,,
55,Palau,2012,,,,,,,
55,Palau,2013,,,,,,,
55,Palau,2014,,,,,,,
55,Palau,2015,,,,,,,
55,Palau,2016,,,,,,,
55,Palau,2017,,,,,,,
55,Palau,2018,,,,,,,
155,Papua New Guinea,2010,,,,,,,
155,Papua New Guinea,2011,,,,,,,
155,Papua New Guinea,2012,,,,,,,
155,Papua New Guinea,2013,,,,,,,
155,Papua New Guinea,2014,,,,,,,
155,Papua New Guinea,2015,,,,,,,
155,Papua New Guinea,2016,,,,,,,
155,Papua New Guinea,2017,,,,,,,
155,Papua New Guinea,2018,,,,,,,
41,Qatar,2010,,,,,,,
41,Qatar,2011,,,,,,,
41,Qatar,2012,,,,,,,
41,Qatar,2013,,,,,,,
41,Qatar,2014,,,,,,,
41,Qatar,2015,,,,,,,
41,Qatar,2016,,,,,,,
41,Qatar,2017,,,,,,,
41,Qatar,2018,,,,,,,
36,Saudi Arabia,2010,,,,,,,
36,Saudi Arabia,2011,,,,,,,
36,Saudi Arabia,2012,,,,,,,
36,Saudi Arabia,2013,,,,,,,
36,Saudi Arabia,2014,,,,,,,
36,Saudi Arabia,2015,,,,,,,
36,Saudi Arabia,2016,,,,,,,
36,Saudi Arabia,2017,,,,,,,
36,Saudi Arabia,2018,,,,,,,
62,Seychelles,2010,,,,,,,
62,Seychelles,2011,,,,,,,
62,Seychelles,2012,,,,,,,
62,Seychelles,2013,,,,,,,
62,Seychelles,2014,,,,,,,
62,Seychelles,2015,,,,,,,
62,Seychelles,2016,,,,,,,
62,Seychelles,2017,,,,,,,
62,Seychelles,2018,,,,,,,
105,Tonga,2010,,,,,,,
105,Tonga,2011,,,,,,,
105,Tonga,2012,,,,,,,
105,Tonga,2013,,,,,,,
105,Tonga,2014,,,,,,,
105,Tonga,2015,,,,,,,
105,Tonga,2016,,,,,,,
105,Tonga,2017,,,,,,,
105,Tonga,2018,,,,,,,
94,Saint Vincent and the Grenadines,2010,,,,,,,
94,Saint Vincent and the Grenadines,2011,,,,,,,
94,Saint Vincent and the Grenadines,2012,,,,,,,
94,Saint Vincent and the Grenadines,2013,,,,,,,
94,Saint Vincent and the Grenadines,2014,,,,,,,
94,Saint Vincent and the Grenadines,2015,,,,,,,
94,Saint Vincent and the Grenadines,2016,,,,,,,
94,Saint Vincent and the Grenadines,2017,,,,,,,
94,Saint Vincent and the Grenadines,2018,,,,,,,
111,Samoa,2010,,,,,,,
111,Samoa,2011,,,,,,,
111,Samoa,2012,,,,,,,
111,Samoa,2013,,,,,,,
111,Samoa,2014,,,,,,,
111,Samoa,2015,,,,,,,
111,Samoa,2016,,,,,,,
111,Samoa,2017,,,,,,,
111,Samoa,2018,,,,,,,
,Very high human development,2010,11.8,11.8,11.8,11.8,11.8,11.8,11.8
,Very high human development,2011,12.1,12.1,12.1,12.1,12.1,12.1,12.1
,Very high human development,2012,11.5,11.5,11.5,11.5,11.5,11.5,11.5
,Very high human development,2013,12.4,12.4,12.4,12.4,12.4,12.4,12.4
,Very high human development,2014,12.1,12.1,12.1,12.1,12.1,12.1,12.1
,Very high human development,2015,11.3,11.3,11.3,11.3,11.3,11.3,11.3
,Very high human development,2016,11.8,11.8,11.8,11.8,11.8,11.8,11.8
,Very high human development,2017,11.1,11.1,11.1,11.1,11.1,11.1,11.1
,Very high human development,2018,10.8,10.8,10.8,10.8,10.8,10.8,10.8
,High human development,2010,22.4,22.4,22.4,22.4,22.4,22.4,22.4
,High human development,2011,22.1,22.1,22.1,22.1,22.1,22.1,22.1
,High human development,2012,22,22,22,22,22,22,22
,High human development,2013,21.3,21.3,21.3,21.3,21.3,21.3,21.3
,High human development,2014,21,21,21,21,21,21,21
,High human development,2015,20.8,20.8,20.8,20.8,20.8,20.8,20.8
,High human development,2016,19.9,19.9,19.9,19.9,19.9,19.9,19.9
,High human development,2017,17.1,17.1,17.1,17.1,17.1,17.1,17.1
,High human development,2018,17.9,17.9,17.9,17.9,17.9,17.9,17.9
,Medium human development,2010,29.1,29.1,29.1,29.1,29.1,29.1,29.1
,Medium human development,2011,28.1,28.1,28.1,28.1,28.1,28.1,28.1
,Medium human development,2012,28.7,28.7,28.7,28.7,28.7,28.7,28.7
,Medium human development,2013,28,28,28,28,28,28,28
,Medium human development,2014,27.9,27.9,27.9,27.9,27.9,27.9,27.9
,Medium human development,2015,27.1,27.1,27.1,27.1,27.1,27.1,27.1
,Medium human development,2016,27,27,27,27,27,27,27
,Medium human development,2017,26.1,26.1,26.1,26.1,26.1,26.1,26.1
,Medium human development,2018,20,20,20,20,20,20,20
,Low human development,2010,36,36,36,36,36,36,36
,Low human development,2011,34.9,34.9,34.9,34.9,34.9,34.9,34.9
,Low human development,2012,35.4,35.4,35.4,35.4,35.4,35.4,35.4
,Low human development,2013,33.8,33.8,33.8,33.8,33.8,33.8,33.8
,Low human development,2014,33.2,33.2,33.2,33.2,33.2,33.2,33.2
,Low human development,2015,32.2,32.2,32.2,32.2,32.2,32.2,32.2
,Low human development,2016,31.2,31.2,31.2,31.2,31.2,31.2,31.2
,Low human development,2017,31.3,31.3,31.3,31.3,31.3,31.3,31.3
,Low human development,2018,31.1,31.1,31.1,31.1,31.1,31.1,31.1
,Developing Countries,2010,26.2,26.2,26.2,26.2,26.2,26.2,26.2
,Developing Countries,2011,25.5,25.5,25.5,25.5,25.5,25.5,25.5
,Developing Countries,2012,25.8,25.8,25.8,25.8,25.8,25.8,25.8
,Developing Countries,2013,25.9,25.9,25.9,25.9,25.9,25.9,25.9
,Developing Countries,2014,25.8,25.8,25.8,25.8,25.8,25.8,25.8
,Developing Countries,2015,25.2,25.2,25.2,25.2,25.2,25.2,25.2
,Developing Countries,2016,24.7,24.7,24.7,24.7,24.7,24.7,24.7
,Developing Countries,2017,22,22,22,22,22,22,22
,Developing Countries,2018,20.3,20.3,20.3,20.3,20.3,20.3,20.3
,Arab States,2010,27.4,27.4,27.4,27.4,27.4,27.4,27.4
,Arab States,2011,26.2,26.2,26.2,26.2,26.2,26.2,26.2
,Arab States,2012,25.4,25.4,25.4,25.4,25.4,25.4,25.4
,Arab States,2013,24.9,24.9,24.9,24.9,24.9,24.9,24.9
,Arab States,2014,25.4,25.4,25.4,25.4,25.4,25.4,25.4
,Arab States,2015,27.5,27.5,27.5,27.5,27.5,27.5,27.5
,Arab States,2016,26,26,26,26,26,26,26
,Arab States,2017,25.1,25.1,25.1,25.1,25.1,25.1,25.1
,Arab States,2018,24.5,24.5,24.5,24.5,24.5,24.5,24.5
,East Asia and the Pacific,2010,21.9,21.9,21.9,21.9,21.9,21.9,21.9
,East Asia and the Pacific,2011,21.3,21.3,21.3,21.3,21.3,21.3,21.3
,East Asia and the Pacific,2012,21.3,21.3,21.3,21.3,21.3,21.3,21.3
,East Asia and the Pacific,2013,19.7,19.7,19.7,19.7,19.7,19.7,19.7
,East Asia and the Pacific,2014,19.4,19.4,19.4,19.4,19.4,19.4,19.4
,East Asia and the Pacific,2015,19.2,19.2,19.2,19.2,19.2,19.2,19.2
,East Asia and the Pacific,2016,18.9,18.9,18.9,18.9,18.9,18.9,18.9
,East Asia and the Pacific,2017,15.6,15.6,15.6,15.6,15.6,15.6,15.6
,East Asia and the Pacific,2018,16.6,16.6,16.6,16.6,16.6,16.6,16.6
,Europe and Central Asia,2010,16.1,16.1,16.1,16.1,16.1,16.1,16.1
,Europe and Central Asia,2011,15.2,15.2,15.2,15.2,15.2,15.2,15.2
,Europe and Central Asia,2012,15.5,15.5,15.5,15.5,15.5,15.5,15.5
,Europe and Central Asia,2013,13.3,13.3,13.3,13.3,13.3,13.3,13.3
,Europe and Central Asia,2014,13,13,13,13,13,13,13
,Europe and Central Asia,2015,12.7,12.7,12.7,12.7,12.7,12.7,12.7
,Europe and Central Asia,2016,11.9,11.9,11.9,11.9,11.9,11.9,11.9
,Europe and Central Asia,2017,11.7,11.7,11.7,11.7,11.7,11.7,11.7
,Europe and Central Asia,2018,11.5,11.5,11.5,11.5,11.5,11.5,11.5
,Latin America and the Caribbean,2010,25.3,25.3,25.3,25.3,25.3,25.3,25.3
,Latin America and the Caribbean,2011,26.1,26.1,26.1,26.1,26.1,26.1,26.1
,Latin America and the Caribbean,2012,25.7,25.7,25.7,25.7,25.7,25.7,25.7
,Latin America and the Caribbean,2013,24.5,24.5,24.5,24.5,24.5,24.5,24.5
,Latin America and the Caribbean,2014,23.7,23.7,23.7,23.7,23.7,23.7,23.7
,Latin America and the Caribbean,2015,23.4,23.4,23.4,23.4,23.4,23.4,23.4
,Latin America and the Caribbean,2016,22.3,22.3,22.3,22.3,22.3,22.3,22.3
,Latin America and the Caribbean,2017,21.8,21.8,21.8,21.8,21.8,21.8,21.8
,Latin America and the Caribbean,2018,22.4,22.4,22.4,22.4,22.4,22.4,22.4
,South Asia,2010,29.6,29.6,29.6,29.6,29.6,29.6,29.6
,South Asia,2011,28.4,28.4,28.4,28.4,28.4,28.4,28.4
,South Asia,2012,29.1,29.1,29.1,29.1,29.1,29.1,29.1
,South Asia,2013,28.7,28.7,28.7,28.7,28.7,28.7,28.7
,South Asia,2014,28.7,28.7,28.7,28.7,28.7,28.7,28.7
,South Asia,2015,27.7,27.7,27.7,27.7,27.7,27.7,27.7
,South Asia,2016,28,28,28,28,28,28,28
,South Asia,2017,26.2,26.2,26.2,26.2,26.2,26.2,26.2
,South Asia,2018,19,19,19,19,19,19,19
,Sub-Saharan Africa,2010,35.1,35.1,35.1,35.1,35.1,35.1,35.1
,Sub-Saharan Africa,2011,34.5,34.5,34.5,34.5,34.5,34.5,34.5
,Sub-Saharan Africa,2012,35,35,35,35,35,35,35
,Sub-Saharan Africa,2013,33.7,33.7,33.7,33.7,33.7,33.7,33.7
,Sub-Saharan Africa,2014,33.3,33.3,33.3,33.3,33.3,33.3,33.3
,Sub-Saharan Africa,2015,32.2,32.2,32.2,32.2,32.2,32.2,32.2
,Sub-Saharan Africa,2016,30.7,30.7,30.7,30.7,30.7,30.7,30.7
,Sub-Saharan Africa,2017,30.8,30.8,30.8,30.8,30.8,30.8,30.8
,Sub-Saharan Africa,2018,30.5,30.5,30.5,30.5,30.5,30.5,30.5
,Least Developed Countries,2010,33.4,33.4,33.4,33.4,33.4,33.4,33.4
,Least Developed Countries,2011,32.5,32.5,32.5,32.5,32.5,32.5,32.5
,Least Developed Countries,2012,32.5,32.5,32.5,32.5,32.5,32.5,32.5
,Least Developed Countries,2013,31.1,31.1,31.1,31.1,31.1,31.1,31.1
,Least Developed Countries,2014,31,31,31,31,31,31,31
,Least Developed Countries,2015,30,30,30,30,30,30,30
,Least Developed Countries,2016,29,29,29,29,29,29,29
,Least Developed Countries,2017,28.5,28.5,28.5,28.5,28.5,28.5,28.5
,Least Developed Countries,2018,28.6,28.6,28.6,28.6,28.6,28.6,28.6
,Small Island Developing States,2010,28.9,28.9,28.9,28.9,28.9,28.9,28.9
,Small Island Developing States,2011,27.9,27.9,27.9,27.9,27.9,27.9,27.9
,Small Island Developing States,2012,28.7,28.7,28.7,28.7,28.7,28.7,28.7
,Small Island Developing States,2013,24.7,24.7,24.7,24.7,24.7,24.7,24.7
,Small Island Developing States,2014,24.7,24.7,24.7,24.7,24.7,24.7,24.7
,Small Island Developing States,2015,24.5,24.5,24.5,24.5,24.5,24.5,24.5
,Small Island Developing States,2016,24.2,24.2,24.2,24.2,24.2,24.2,24.2
,Small Island Developing States,2017,23.5,23.5,23.5,23.5,23.5,23.5,23.5
,Small Island Developing States,2018,24,24,24,24,24,24,24
,Organization for Economic Co-operation and Development,2010,12.3,12.3,12.3,12.3,12.3,12.3,12.3
,Organization for Economic Co-operation and Development,2011,13.1,13.1,13.1,13.1,13.1,13.1,13.1
,Organization for Economic Co-operation and Development,2012,12.5,12.5,12.5,12.5,12.5,12.5,12.5
,Organization for Economic Co-operation and Development,2013,13.4,13.4,13.4,13.4,13.4,13.4,13.4
,Organization for Economic Co-operation and Development,2014,13.2,13.2,13.2,13.2,13.2,13.2,13.2
,Organization for Economic Co-operation and Development,2015,12.5,12.5,12.5,12.5,12.5,12.5,12.5
,Organization for Economic Co-operation and Development,2016,12.9,12.9,12.9,12.9,12.9,12.9,12.9
,Organization for Economic Co-operation and Development,2017,12,12,12,12,12,12,12
,Organization for Economic Co-operation and Development,2018,11.7,11.7,11.7,11.7,11.7,11.7,11.7
,World,2010,23.4,23.4,23.4,23.4,23.4,23.4,23.4
,World,2011,23,23,23,23,23,23,23
,World,2012,23.3,23.3,23.3,23.3,23.3,23.3,23.3
,World,2013,23,23,23,23,23,23,23
,World,2014,22.9,22.9,22.9,22.9,22.9,22.9,22.9
,World,2015,22.3,22.3,22.3,22.3,22.3,22.3,22.3
,World,2016,22,22,22,22,22,22,22
,World,2017,20.1,20.1,20.1,20.1,20.1,20.1,20.1
,World,2018,18.6,18.6,18.6,18.6,18.6,18.6,18.6
